,country_1,country_2,run,count
0,IB,IB,10,4
1,IB,NW,10,2
2,IB,N,10,0
3,IB,B,10,2
4,IB,C,10,4
5,IB,E,10,2
6,NW,IB,10,2
7,NW,NW,10,5
8,NW,N,10,2
9,NW,B,10,3
10,NW,C,10,3
11,NW,E,10,3
12,N,IB,10,0
13,N,NW,10,2
14,N,N,10,10
15,N,B,10,6
16,N,C,10,2
17,N,E,10,4
18,B,IB,10,2
19,B,NW,10,3
20,B,N,10,6
21,B,B,10,9
22,B,C,10,2
23,B,E,10,5
24,C,IB,10,4
25,C,NW,10,3
26,C,N,10,2
27,C,B,10,2
28,C,C,10,8
29,C,E,10,3
30,E,IB,10,2
31,E,NW,10,3
32,E,N,10,4
33,E,B,10,5
34,E,C,10,3
35,E,E,10,8
36,IB,IB,11,9
37,IB,NW,11,3
38,IB,N,11,3
39,IB,B,11,2
40,IB,C,11,6
41,IB,E,11,6
42,NW,IB,11,3
43,NW,NW,11,13
44,NW,N,11,4
45,NW,B,11,4
46,NW,C,11,7
47,NW,E,11,6
48,N,IB,11,3
49,N,NW,11,4
50,N,N,11,12
51,N,B,11,6
52,N,C,11,5
53,N,E,11,8
54,B,IB,11,2
55,B,NW,11,4
56,B,N,11,6
57,B,B,11,12
58,B,C,11,5
59,B,E,11,6
60,C,IB,11,6
61,C,NW,11,7
62,C,N,11,5
63,C,B,11,5
64,C,C,11,12
65,C,E,11,8
66,E,IB,11,6
67,E,NW,11,6
68,E,N,11,8
69,E,B,11,6
70,E,C,11,8
71,E,E,11,15
72,IB,IB,12,9
73,IB,NW,12,5
74,IB,N,12,2
75,IB,B,12,1
76,IB,C,12,5
77,IB,E,12,5
78,NW,IB,12,5
79,NW,NW,12,11
80,NW,N,12,1
81,NW,B,12,1
82,NW,C,12,4
83,NW,E,12,4
84,N,IB,12,2
85,N,NW,12,1
86,N,N,12,6
87,N,B,12,5
88,N,C,12,1
89,N,E,12,3
90,B,IB,12,1
91,B,NW,12,1
92,B,N,12,5
93,B,B,12,6
94,B,C,12,2
95,B,E,12,4
96,C,IB,12,5
97,C,NW,12,4
98,C,N,12,1
99,C,B,12,2
100,C,C,12,7
101,C,E,12,5
102,E,IB,12,5
103,E,NW,12,4
104,E,N,12,3
105,E,B,12,4
106,E,C,12,5
107,E,E,12,8
108,IB,IB,13,10
109,IB,NW,13,2
110,IB,N,13,0
111,IB,B,13,1
112,IB,C,13,5
113,IB,E,13,1
114,NW,IB,13,2
115,NW,NW,13,13
116,NW,N,13,3
117,NW,B,13,3
118,NW,C,13,6
119,NW,E,13,4
120,N,IB,13,0
121,N,NW,13,3
122,N,N,13,9
123,N,B,13,5
124,N,C,13,2
125,N,E,13,3
126,B,IB,13,1
127,B,NW,13,3
128,B,N,13,5
129,B,B,13,11
130,B,C,13,2
131,B,E,13,6
132,C,IB,13,5
133,C,NW,13,6
134,C,N,13,2
135,C,B,13,2
136,C,C,13,11
137,C,E,13,3
138,E,IB,13,1
139,E,NW,13,4
140,E,N,13,3
141,E,B,13,6
142,E,C,13,3
143,E,E,13,7
144,IB,IB,14,10
145,IB,NW,14,5
146,IB,N,14,0
147,IB,B,14,2
148,IB,C,14,6
149,IB,E,14,2
150,NW,IB,14,5
151,NW,NW,14,15
152,NW,N,14,2
153,NW,B,14,5
154,NW,C,14,10
155,NW,E,14,6
156,N,IB,14,0
157,N,NW,14,2
158,N,N,14,7
159,N,B,14,7
160,N,C,14,3
161,N,E,14,5
162,B,IB,14,2
163,B,NW,14,5
164,B,N,14,7
165,B,B,14,9
166,B,C,14,10
167,B,E,14,6
168,C,IB,14,6
169,C,NW,14,10
170,C,N,14,3
171,C,B,14,10
172,C,C,14,15
173,C,E,14,12
174,E,IB,14,2
175,E,NW,14,6
176,E,N,14,5
177,E,B,14,6
178,E,C,14,12
179,E,E,14,10
180,IB,IB,15,8
181,IB,NW,15,1
182,IB,N,15,1
183,IB,B,15,3
184,IB,C,15,1
185,IB,E,15,4
186,NW,IB,15,1
187,NW,NW,15,6
188,NW,N,15,0
189,NW,B,15,2
190,NW,C,15,3
191,NW,E,15,3
192,N,IB,15,1
193,N,NW,15,0
194,N,N,15,6
195,N,B,15,3
196,N,C,15,2
197,N,E,15,4
198,B,IB,15,3
199,B,NW,15,2
200,B,N,15,3
201,B,B,15,8
202,B,C,15,7
203,B,E,15,4
204,C,IB,15,1
205,C,NW,15,3
206,C,N,15,2
207,C,B,15,7
208,C,C,15,9
209,C,E,15,7
210,E,IB,15,4
211,E,NW,15,3
212,E,N,15,4
213,E,B,15,4
214,E,C,15,7
215,E,E,15,12
216,IB,IB,16,10
217,IB,NW,16,0
218,IB,N,16,0
219,IB,B,16,1
220,IB,C,16,4
221,IB,E,16,3
222,NW,IB,16,0
223,NW,NW,16,8
224,NW,N,16,5
225,NW,B,16,4
226,NW,C,16,3
227,NW,E,16,2
228,N,IB,16,0
229,N,NW,16,5
230,N,N,16,8
231,N,B,16,4
232,N,C,16,5
233,N,E,16,3
234,B,IB,16,1
235,B,NW,16,4
236,B,N,16,4
237,B,B,16,6
238,B,C,16,2
239,B,E,16,2
240,C,IB,16,4
241,C,NW,16,3
242,C,N,16,5
243,C,B,16,2
244,C,C,16,9
245,C,E,16,5
246,E,IB,16,3
247,E,NW,16,2
248,E,N,16,3
249,E,B,16,2
250,E,C,16,5
251,E,E,16,6
252,IB,IB,17,7
253,IB,NW,17,3
254,IB,N,17,1
255,IB,B,17,2
256,IB,C,17,4
257,IB,E,17,3
258,NW,IB,17,3
259,NW,NW,17,12
260,NW,N,17,2
261,NW,B,17,4
262,NW,C,17,8
263,NW,E,17,4
264,N,IB,17,1
265,N,NW,17,2
266,N,N,17,8
267,N,B,17,5
268,N,C,17,2
269,N,E,17,4
270,B,IB,17,2
271,B,NW,17,4
272,B,N,17,5
273,B,B,17,12
274,B,C,17,3
275,B,E,17,5
276,C,IB,17,4
277,C,NW,17,8
278,C,N,17,2
279,C,B,17,3
280,C,C,17,9
281,C,E,17,4
282,E,IB,17,3
283,E,NW,17,4
284,E,N,17,4
285,E,B,17,5
286,E,C,17,4
287,E,E,17,7
288,IB,IB,18,8
289,IB,NW,18,1
290,IB,N,18,0
291,IB,B,18,0
292,IB,C,18,0
293,IB,E,18,0
294,NW,IB,18,1
295,NW,NW,18,11
296,NW,N,18,0
297,NW,B,18,2
298,NW,C,18,4
299,NW,E,18,1
300,N,IB,18,0
301,N,NW,18,0
302,N,N,18,4
303,N,B,18,3
304,N,C,18,0
305,N,E,18,0
306,B,IB,18,0
307,B,NW,18,2
308,B,N,18,3
309,B,B,18,8
310,B,C,18,1
311,B,E,18,2
312,C,IB,18,0
313,C,NW,18,4
314,C,N,18,0
315,C,B,18,1
316,C,C,18,5
317,C,E,18,2
318,E,IB,18,0
319,E,NW,18,1
320,E,N,18,0
321,E,B,18,2
322,E,C,18,2
323,E,E,18,4
324,IB,IB,19,9
325,IB,NW,19,3
326,IB,N,19,0
327,IB,B,19,2
328,IB,C,19,4
329,IB,E,19,3
330,NW,IB,19,3
331,NW,NW,19,9
332,NW,N,19,0
333,NW,B,19,4
334,NW,C,19,6
335,NW,E,19,5
336,N,IB,19,0
337,N,NW,19,0
338,N,N,19,5
339,N,B,19,3
340,N,C,19,0
341,N,E,19,0
342,B,IB,19,2
343,B,NW,19,4
344,B,N,19,3
345,B,B,19,10
346,B,C,19,5
347,B,E,19,6
348,C,IB,19,4
349,C,NW,19,6
350,C,N,19,0
351,C,B,19,5
352,C,C,19,8
353,C,E,19,7
354,E,IB,19,3
355,E,NW,19,5
356,E,N,19,0
357,E,B,19,6
358,E,C,19,7
359,E,E,19,7
360,IB,IB,20,10
361,IB,NW,20,4
362,IB,N,20,1
363,IB,B,20,3
364,IB,C,20,8
365,IB,E,20,7
366,NW,IB,20,4
367,NW,NW,20,16
368,NW,N,20,5
369,NW,B,20,3
370,NW,C,20,9
371,NW,E,20,8
372,N,IB,20,1
373,N,NW,20,5
374,N,N,20,12
375,N,B,20,8
376,N,C,20,4
377,N,E,20,5
378,B,IB,20,3
379,B,NW,20,3
380,B,N,20,8
381,B,B,20,15
382,B,C,20,6
383,B,E,20,8
384,C,IB,20,8
385,C,NW,20,9
386,C,N,20,4
387,C,B,20,6
388,C,C,20,16
389,C,E,20,11
390,E,IB,20,7
391,E,NW,20,8
392,E,N,20,5
393,E,B,20,8
394,E,C,20,11
395,E,E,20,14
396,IB,IB,21,12
397,IB,NW,21,4
398,IB,N,21,2
399,IB,B,21,5
400,IB,C,21,5
401,IB,E,21,6
402,NW,IB,21,4
403,NW,NW,21,12
404,NW,N,21,2
405,NW,B,21,4
406,NW,C,21,4
407,NW,E,21,5
408,N,IB,21,2
409,N,NW,21,2
410,N,N,21,9
411,N,B,21,6
412,N,C,21,3
413,N,E,21,3
414,B,IB,21,5
415,B,NW,21,4
416,B,N,21,6
417,B,B,21,10
418,B,C,21,3
419,B,E,21,6
420,C,IB,21,5
421,C,NW,21,4
422,C,N,21,3
423,C,B,21,3
424,C,C,21,7
425,C,E,21,5
426,E,IB,21,6
427,E,NW,21,5
428,E,N,21,3
429,E,B,21,6
430,E,C,21,5
431,E,E,21,9
432,IB,IB,22,12
433,IB,NW,22,2
434,IB,N,22,0
435,IB,B,22,4
436,IB,C,22,2
437,IB,E,22,2
438,NW,IB,22,2
439,NW,NW,22,16
440,NW,N,22,3
441,NW,B,22,6
442,NW,C,22,7
443,NW,E,22,7
444,N,IB,22,0
445,N,NW,22,3
446,N,N,22,7
447,N,B,22,5
448,N,C,22,3
449,N,E,22,4
450,B,IB,22,4
451,B,NW,22,6
452,B,N,22,5
453,B,B,22,16
454,B,C,22,8
455,B,E,22,8
456,C,IB,22,2
457,C,NW,22,7
458,C,N,22,3
459,C,B,22,8
460,C,C,22,11
461,C,E,22,7
462,E,IB,22,2
463,E,NW,22,7
464,E,N,22,4
465,E,B,22,8
466,E,C,22,7
467,E,E,22,11
468,IB,IB,23,13
469,IB,NW,23,6
470,IB,N,23,1
471,IB,B,23,4
472,IB,C,23,11
473,IB,E,23,7
474,NW,IB,23,6
475,NW,NW,23,8
476,NW,N,23,2
477,NW,B,23,2
478,NW,C,23,9
479,NW,E,23,4
480,N,IB,23,1
481,N,NW,23,2
482,N,N,23,8
483,N,B,23,2
484,N,C,23,2
485,N,E,23,2
486,B,IB,23,4
487,B,NW,23,2
488,B,N,23,2
489,B,B,23,9
490,B,C,23,8
491,B,E,23,7
492,C,IB,23,11
493,C,NW,23,9
494,C,N,23,2
495,C,B,23,8
496,C,C,23,16
497,C,E,23,13
498,E,IB,23,7
499,E,NW,23,4
500,E,N,23,2
501,E,B,23,7
502,E,C,23,13
503,E,E,23,15
504,IB,IB,24,9
505,IB,NW,24,4
506,IB,N,24,2
507,IB,B,24,3
508,IB,C,24,6
509,IB,E,24,3
510,NW,IB,24,4
511,NW,NW,24,6
512,NW,N,24,0
513,NW,B,24,1
514,NW,C,24,4
515,NW,E,24,3
516,N,IB,24,2
517,N,NW,24,0
518,N,N,24,10
519,N,B,24,6
520,N,C,24,5
521,N,E,24,5
522,B,IB,24,3
523,B,NW,24,1
524,B,N,24,6
525,B,B,24,9
526,B,C,24,5
527,B,E,24,7
528,C,IB,24,6
529,C,NW,24,4
530,C,N,24,5
531,C,B,24,5
532,C,C,24,15
533,C,E,24,11
534,E,IB,24,3
535,E,NW,24,3
536,E,N,24,5
537,E,B,24,7
538,E,C,24,11
539,E,E,24,10
540,IB,IB,25,13
541,IB,NW,25,3
542,IB,N,25,1
543,IB,B,25,3
544,IB,C,25,7
545,IB,E,25,3
546,NW,IB,25,3
547,NW,NW,25,12
548,NW,N,25,2
549,NW,B,25,5
550,NW,C,25,10
551,NW,E,25,8
552,N,IB,25,1
553,N,NW,25,2
554,N,N,25,10
555,N,B,25,9
556,N,C,25,3
557,N,E,25,4
558,B,IB,25,3
559,B,NW,25,5
560,B,N,25,9
561,B,B,25,12
562,B,C,25,8
563,B,E,25,7
564,C,IB,25,7
565,C,NW,25,10
566,C,N,25,3
567,C,B,25,8
568,C,C,25,15
569,C,E,25,10
570,E,IB,25,3
571,E,NW,25,8
572,E,N,25,4
573,E,B,25,7
574,E,C,25,10
575,E,E,25,17
576,IB,IB,26,6
577,IB,NW,26,0
578,IB,N,26,0
579,IB,B,26,1
580,IB,C,26,1
581,IB,E,26,1
582,NW,IB,26,0
583,NW,NW,26,3
584,NW,N,26,0
585,NW,B,26,0
586,NW,C,26,1
587,NW,E,26,0
588,N,IB,26,0
589,N,NW,26,0
590,N,N,26,5
591,N,B,26,3
592,N,C,26,0
593,N,E,26,0
594,B,IB,26,1
595,B,NW,26,0
596,B,N,26,3
597,B,B,26,5
598,B,C,26,0
599,B,E,26,1
600,C,IB,26,1
601,C,NW,26,1
602,C,N,26,0
603,C,B,26,0
604,C,C,26,2
605,C,E,26,0
606,E,IB,26,1
607,E,NW,26,0
608,E,N,26,0
609,E,B,26,1
610,E,C,26,0
611,E,E,26,2
612,IB,IB,27,15
613,IB,NW,27,4
614,IB,N,27,2
615,IB,B,27,8
616,IB,C,27,9
617,IB,E,27,9
618,NW,IB,27,4
619,NW,NW,27,13
620,NW,N,27,4
621,NW,B,27,6
622,NW,C,27,9
623,NW,E,27,7
624,N,IB,27,2
625,N,NW,27,4
626,N,N,27,10
627,N,B,27,7
628,N,C,27,2
629,N,E,27,2
630,B,IB,27,8
631,B,NW,27,6
632,B,N,27,7
633,B,B,27,16
634,B,C,27,8
635,B,E,27,11
636,C,IB,27,9
637,C,NW,27,9
638,C,N,27,2
639,C,B,27,8
640,C,C,27,13
641,C,E,27,9
642,E,IB,27,9
643,E,NW,27,7
644,E,N,27,2
645,E,B,27,11
646,E,C,27,9
647,E,E,27,15
648,IB,IB,28,3
649,IB,NW,28,1
650,IB,N,28,0
651,IB,B,28,0
652,IB,C,28,1
653,IB,E,28,0
654,NW,IB,28,1
655,NW,NW,28,9
656,NW,N,28,0
657,NW,B,28,0
658,NW,C,28,3
659,NW,E,28,2
660,N,IB,28,0
661,N,NW,28,0
662,N,N,28,1
663,N,B,28,0
664,N,C,28,0
665,N,E,28,0
666,B,IB,28,0
667,B,NW,28,0
668,B,N,28,0
669,B,B,28,2
670,B,C,28,0
671,B,E,28,2
672,C,IB,28,1
673,C,NW,28,3
674,C,N,28,0
675,C,B,28,0
676,C,C,28,5
677,C,E,28,4
678,E,IB,28,0
679,E,NW,28,2
680,E,N,28,0
681,E,B,28,2
682,E,C,28,4
683,E,E,28,6
684,IB,IB,29,5
685,IB,NW,29,3
686,IB,N,29,0
687,IB,B,29,2
688,IB,C,29,3
689,IB,E,29,5
690,NW,IB,29,3
691,NW,NW,29,13
692,NW,N,29,2
693,NW,B,29,4
694,NW,C,29,4
695,NW,E,29,6
696,N,IB,29,0
697,N,NW,29,2
698,N,N,29,8
699,N,B,29,4
700,N,C,29,3
701,N,E,29,2
702,B,IB,29,2
703,B,NW,29,4
704,B,N,29,4
705,B,B,29,6
706,B,C,29,4
707,B,E,29,6
708,C,IB,29,3
709,C,NW,29,4
710,C,N,29,3
711,C,B,29,4
712,C,C,29,10
713,C,E,29,6
714,E,IB,29,5
715,E,NW,29,6
716,E,N,29,2
717,E,B,29,6
718,E,C,29,6
719,E,E,29,11
720,IB,IB,30,11
721,IB,NW,30,0
722,IB,N,30,0
723,IB,B,30,0
724,IB,C,30,2
725,IB,E,30,1
726,NW,IB,30,0
727,NW,NW,30,9
728,NW,N,30,2
729,NW,B,30,3
730,NW,C,30,4
731,NW,E,30,1
732,N,IB,30,0
733,N,NW,30,2
734,N,N,30,14
735,N,B,30,10
736,N,C,30,4
737,N,E,30,4
738,B,IB,30,0
739,B,NW,30,3
740,B,N,30,10
741,B,B,30,11
742,B,C,30,4
743,B,E,30,5
744,C,IB,30,2
745,C,NW,30,4
746,C,N,30,4
747,C,B,30,4
748,C,C,30,5
749,C,E,30,4
750,E,IB,30,1
751,E,NW,30,1
752,E,N,30,4
753,E,B,30,5
754,E,C,30,4
755,E,E,30,5
756,IB,IB,31,13
757,IB,NW,31,2
758,IB,N,31,0
759,IB,B,31,0
760,IB,C,31,3
761,IB,E,31,0
762,NW,IB,31,2
763,NW,NW,31,7
764,NW,N,31,4
765,NW,B,31,4
766,NW,C,31,7
767,NW,E,31,5
768,N,IB,31,0
769,N,NW,31,4
770,N,N,31,9
771,N,B,31,9
772,N,C,31,7
773,N,E,31,8
774,B,IB,31,0
775,B,NW,31,4
776,B,N,31,9
777,B,B,31,11
778,B,C,31,7
779,B,E,31,9
780,C,IB,31,3
781,C,NW,31,7
782,C,N,31,7
783,C,B,31,7
784,C,C,31,9
785,C,E,31,8
786,E,IB,31,0
787,E,NW,31,5
788,E,N,31,8
789,E,B,31,9
790,E,C,31,8
791,E,E,31,9
792,IB,IB,32,6
793,IB,NW,32,4
794,IB,N,32,3
795,IB,B,32,2
796,IB,C,32,5
797,IB,E,32,2
798,NW,IB,32,4
799,NW,NW,32,14
800,NW,N,32,4
801,NW,B,32,2
802,NW,C,32,11
803,NW,E,32,9
804,N,IB,32,3
805,N,NW,32,4
806,N,N,32,13
807,N,B,32,9
808,N,C,32,4
809,N,E,32,2
810,B,IB,32,2
811,B,NW,32,2
812,B,N,32,9
813,B,B,32,14
814,B,C,32,4
815,B,E,32,5
816,C,IB,32,5
817,C,NW,32,11
818,C,N,32,4
819,C,B,32,4
820,C,C,32,18
821,C,E,32,11
822,E,IB,32,2
823,E,NW,32,9
824,E,N,32,2
825,E,B,32,5
826,E,C,32,11
827,E,E,32,15
828,IB,IB,33,8
829,IB,NW,33,1
830,IB,N,33,0
831,IB,B,33,0
832,IB,C,33,1
833,IB,E,33,0
834,NW,IB,33,1
835,NW,NW,33,5
836,NW,N,33,1
837,NW,B,33,1
838,NW,C,33,3
839,NW,E,33,2
840,N,IB,33,0
841,N,NW,33,1
842,N,N,33,8
843,N,B,33,6
844,N,C,33,3
845,N,E,33,5
846,B,IB,33,0
847,B,NW,33,1
848,B,N,33,6
849,B,B,33,10
850,B,C,33,3
851,B,E,33,9
852,C,IB,33,1
853,C,NW,33,3
854,C,N,33,3
855,C,B,33,3
856,C,C,33,8
857,C,E,33,4
858,E,IB,33,0
859,E,NW,33,2
860,E,N,33,5
861,E,B,33,9
862,E,C,33,4
863,E,E,33,11
864,IB,IB,34,13
865,IB,NW,34,5
866,IB,N,34,1
867,IB,B,34,5
868,IB,C,34,6
869,IB,E,34,5
870,NW,IB,34,5
871,NW,NW,34,10
872,NW,N,34,2
873,NW,B,34,5
874,NW,C,34,5
875,NW,E,34,4
876,N,IB,34,1
877,N,NW,34,2
878,N,N,34,5
879,N,B,34,4
880,N,C,34,3
881,N,E,34,5
882,B,IB,34,5
883,B,NW,34,5
884,B,N,34,4
885,B,B,34,8
886,B,C,34,7
887,B,E,34,8
888,C,IB,34,6
889,C,NW,34,5
890,C,N,34,3
891,C,B,34,7
892,C,C,34,13
893,C,E,34,8
894,E,IB,34,5
895,E,NW,34,4
896,E,N,34,5
897,E,B,34,8
898,E,C,34,8
899,E,E,34,7
900,IB,IB,35,7
901,IB,NW,35,2
902,IB,N,35,1
903,IB,B,35,1
904,IB,C,35,3
905,IB,E,35,1
906,NW,IB,35,2
907,NW,NW,35,9
908,NW,N,35,0
909,NW,B,35,2
910,NW,C,35,5
911,NW,E,35,3
912,N,IB,35,1
913,N,NW,35,0
914,N,N,35,6
915,N,B,35,4
916,N,C,35,1
917,N,E,35,2
918,B,IB,35,1
919,B,NW,35,2
920,B,N,35,4
921,B,B,35,8
922,B,C,35,2
923,B,E,35,4
924,C,IB,35,3
925,C,NW,35,5
926,C,N,35,1
927,C,B,35,2
928,C,C,35,8
929,C,E,35,5
930,E,IB,35,1
931,E,NW,35,3
932,E,N,35,2
933,E,B,35,4
934,E,C,35,5
935,E,E,35,11
936,IB,IB,36,8
937,IB,NW,36,1
938,IB,N,36,1
939,IB,B,36,0
940,IB,C,36,2
941,IB,E,36,1
942,NW,IB,36,1
943,NW,NW,36,17
944,NW,N,36,6
945,NW,B,36,5
946,NW,C,36,7
947,NW,E,36,5
948,N,IB,36,1
949,N,NW,36,6
950,N,N,36,16
951,N,B,36,8
952,N,C,36,8
953,N,E,36,5
954,B,IB,36,0
955,B,NW,36,5
956,B,N,36,8
957,B,B,36,8
958,B,C,36,4
959,B,E,36,3
960,C,IB,36,2
961,C,NW,36,7
962,C,N,36,8
963,C,B,36,4
964,C,C,36,16
965,C,E,36,6
966,E,IB,36,1
967,E,NW,36,5
968,E,N,36,5
969,E,B,36,3
970,E,C,36,6
971,E,E,36,8
972,IB,IB,37,10
973,IB,NW,37,3
974,IB,N,37,0
975,IB,B,37,0
976,IB,C,37,6
977,IB,E,37,1
978,NW,IB,37,3
979,NW,NW,37,11
980,NW,N,37,2
981,NW,B,37,0
982,NW,C,37,7
983,NW,E,37,2
984,N,IB,37,0
985,N,NW,37,2
986,N,N,37,6
987,N,B,37,1
988,N,C,37,1
989,N,E,37,1
990,B,IB,37,0
991,B,NW,37,0
992,B,N,37,1
993,B,B,37,6
994,B,C,37,1
995,B,E,37,2
996,C,IB,37,6
997,C,NW,37,7
998,C,N,37,1
999,C,B,37,1
1000,C,C,37,11
1001,C,E,37,3
1002,E,IB,37,1
1003,E,NW,37,2
1004,E,N,37,1
1005,E,B,37,2
1006,E,C,37,3
1007,E,E,37,4
1008,IB,IB,38,6
1009,IB,NW,38,1
1010,IB,N,38,0
1011,IB,B,38,1
1012,IB,C,38,1
1013,IB,E,38,1
1014,NW,IB,38,1
1015,NW,NW,38,7
1016,NW,N,38,1
1017,NW,B,38,0
1018,NW,C,38,2
1019,NW,E,38,2
1020,N,IB,38,0
1021,N,NW,38,1
1022,N,N,38,8
1023,N,B,38,1
1024,N,C,38,1
1025,N,E,38,2
1026,B,IB,38,1
1027,B,NW,38,0
1028,B,N,38,1
1029,B,B,38,6
1030,B,C,38,2
1031,B,E,38,2
1032,C,IB,38,1
1033,C,NW,38,2
1034,C,N,38,1
1035,C,B,38,2
1036,C,C,38,5
1037,C,E,38,3
1038,E,IB,38,1
1039,E,NW,38,2
1040,E,N,38,2
1041,E,B,38,2
1042,E,C,38,3
1043,E,E,38,8
1044,IB,IB,39,8
1045,IB,NW,39,1
1046,IB,N,39,1
1047,IB,B,39,1
1048,IB,C,39,5
1049,IB,E,39,1
1050,NW,IB,39,1
1051,NW,NW,39,12
1052,NW,N,39,0
1053,NW,B,39,2
1054,NW,C,39,5
1055,NW,E,39,5
1056,N,IB,39,1
1057,N,NW,39,0
1058,N,N,39,12
1059,N,B,39,5
1060,N,C,39,4
1061,N,E,39,4
1062,B,IB,39,1
1063,B,NW,39,2
1064,B,N,39,5
1065,B,B,39,9
1066,B,C,39,1
1067,B,E,39,4
1068,C,IB,39,5
1069,C,NW,39,5
1070,C,N,39,4
1071,C,B,39,1
1072,C,C,39,9
1073,C,E,39,4
1074,E,IB,39,1
1075,E,NW,39,5
1076,E,N,39,4
1077,E,B,39,4
1078,E,C,39,4
1079,E,E,39,11
1080,IB,IB,40,8
1081,IB,NW,40,3
1082,IB,N,40,0
1083,IB,B,40,1
1084,IB,C,40,4
1085,IB,E,40,3
1086,NW,IB,40,3
1087,NW,NW,40,10
1088,NW,N,40,2
1089,NW,B,40,3
1090,NW,C,40,6
1091,NW,E,40,4
1092,N,IB,40,0
1093,N,NW,40,2
1094,N,N,40,12
1095,N,B,40,9
1096,N,C,40,4
1097,N,E,40,9
1098,B,IB,40,1
1099,B,NW,40,3
1100,B,N,40,9
1101,B,B,40,14
1102,B,C,40,7
1103,B,E,40,11
1104,C,IB,40,4
1105,C,NW,40,6
1106,C,N,40,4
1107,C,B,40,7
1108,C,C,40,14
1109,C,E,40,12
1110,E,IB,40,3
1111,E,NW,40,4
1112,E,N,40,9
1113,E,B,40,11
1114,E,C,40,12
1115,E,E,40,16
1116,IB,IB,41,12
1117,IB,NW,41,1
1118,IB,N,41,1
1119,IB,B,41,2
1120,IB,C,41,6
1121,IB,E,41,1
1122,NW,IB,41,1
1123,NW,NW,41,7
1124,NW,N,41,2
1125,NW,B,41,2
1126,NW,C,41,3
1127,NW,E,41,3
1128,N,IB,41,1
1129,N,NW,41,2
1130,N,N,41,10
1131,N,B,41,8
1132,N,C,41,3
1133,N,E,41,4
1134,B,IB,41,2
1135,B,NW,41,2
1136,B,N,41,8
1137,B,B,41,13
1138,B,C,41,5
1139,B,E,41,8
1140,C,IB,41,6
1141,C,NW,41,3
1142,C,N,41,3
1143,C,B,41,5
1144,C,C,41,9
1145,C,E,41,4
1146,E,IB,41,1
1147,E,NW,41,3
1148,E,N,41,4
1149,E,B,41,8
1150,E,C,41,4
1151,E,E,41,10
1152,IB,IB,42,13
1153,IB,NW,42,3
1154,IB,N,42,1
1155,IB,B,42,3
1156,IB,C,42,6
1157,IB,E,42,3
1158,NW,IB,42,3
1159,NW,NW,42,8
1160,NW,N,42,3
1161,NW,B,42,4
1162,NW,C,42,4
1163,NW,E,42,6
1164,N,IB,42,1
1165,N,NW,42,3
1166,N,N,42,9
1167,N,B,42,7
1168,N,C,42,2
1169,N,E,42,2
1170,B,IB,42,3
1171,B,NW,42,4
1172,B,N,42,7
1173,B,B,42,11
1174,B,C,42,5
1175,B,E,42,4
1176,C,IB,42,6
1177,C,NW,42,4
1178,C,N,42,2
1179,C,B,42,5
1180,C,C,42,8
1181,C,E,42,8
1182,E,IB,42,3
1183,E,NW,42,6
1184,E,N,42,2
1185,E,B,42,4
1186,E,C,42,8
1187,E,E,42,7
1188,IB,IB,43,9
1189,IB,NW,43,1
1190,IB,N,43,1
1191,IB,B,43,1
1192,IB,C,43,2
1193,IB,E,43,0
1194,NW,IB,43,1
1195,NW,NW,43,9
1196,NW,N,43,2
1197,NW,B,43,1
1198,NW,C,43,5
1199,NW,E,43,5
1200,N,IB,43,1
1201,N,NW,43,2
1202,N,N,43,10
1203,N,B,43,1
1204,N,C,43,4
1205,N,E,43,2
1206,B,IB,43,1
1207,B,NW,43,1
1208,B,N,43,1
1209,B,B,43,5
1210,B,C,43,1
1211,B,E,43,3
1212,C,IB,43,2
1213,C,NW,43,5
1214,C,N,43,4
1215,C,B,43,1
1216,C,C,43,11
1217,C,E,43,4
1218,E,IB,43,0
1219,E,NW,43,5
1220,E,N,43,2
1221,E,B,43,3
1222,E,C,43,4
1223,E,E,43,11
1224,IB,IB,44,14
1225,IB,NW,44,5
1226,IB,N,44,1
1227,IB,B,44,2
1228,IB,C,44,7
1229,IB,E,44,2
1230,NW,IB,44,5
1231,NW,NW,44,13
1232,NW,N,44,4
1233,NW,B,44,2
1234,NW,C,44,8
1235,NW,E,44,9
1236,N,IB,44,1
1237,N,NW,44,4
1238,N,N,44,7
1239,N,B,44,2
1240,N,C,44,4
1241,N,E,44,2
1242,B,IB,44,2
1243,B,NW,44,2
1244,B,N,44,2
1245,B,B,44,8
1246,B,C,44,4
1247,B,E,44,3
1248,C,IB,44,7
1249,C,NW,44,8
1250,C,N,44,4
1251,C,B,44,4
1252,C,C,44,11
1253,C,E,44,9
1254,E,IB,44,2
1255,E,NW,44,9
1256,E,N,44,2
1257,E,B,44,3
1258,E,C,44,9
1259,E,E,44,7
1260,IB,IB,45,14
1261,IB,NW,45,5
1262,IB,N,45,1
1263,IB,B,45,2
1264,IB,C,45,8
1265,IB,E,45,7
1266,NW,IB,45,5
1267,NW,NW,45,15
1268,NW,N,45,7
1269,NW,B,45,7
1270,NW,C,45,8
1271,NW,E,45,13
1272,N,IB,45,1
1273,N,NW,45,7
1274,N,N,45,14
1275,N,B,45,9
1276,N,C,45,7
1277,N,E,45,10
1278,B,IB,45,2
1279,B,NW,45,7
1280,B,N,45,9
1281,B,B,45,13
1282,B,C,45,10
1283,B,E,45,11
1284,C,IB,45,8
1285,C,NW,45,8
1286,C,N,45,7
1287,C,B,45,10
1288,C,C,45,15
1289,C,E,45,13
1290,E,IB,45,7
1291,E,NW,45,13
1292,E,N,45,10
1293,E,B,45,11
1294,E,C,45,13
1295,E,E,45,17
1296,IB,IB,46,9
1297,IB,NW,46,2
1298,IB,N,46,1
1299,IB,B,46,2
1300,IB,C,46,6
1301,IB,E,46,3
1302,NW,IB,46,2
1303,NW,NW,46,6
1304,NW,N,46,2
1305,NW,B,46,2
1306,NW,C,46,2
1307,NW,E,46,1
1308,N,IB,46,1
1309,N,NW,46,2
1310,N,N,46,14
1311,N,B,46,10
1312,N,C,46,4
1313,N,E,46,5
1314,B,IB,46,2
1315,B,NW,46,2
1316,B,N,46,10
1317,B,B,46,16
1318,B,C,46,6
1319,B,E,46,8
1320,C,IB,46,6
1321,C,NW,46,2
1322,C,N,46,4
1323,C,B,46,6
1324,C,C,46,11
1325,C,E,46,6
1326,E,IB,46,3
1327,E,NW,46,1
1328,E,N,46,5
1329,E,B,46,8
1330,E,C,46,6
1331,E,E,46,10
1332,IB,IB,47,12
1333,IB,NW,47,0
1334,IB,N,47,1
1335,IB,B,47,3
1336,IB,C,47,5
1337,IB,E,47,3
1338,NW,IB,47,0
1339,NW,NW,47,5
1340,NW,N,47,1
1341,NW,B,47,1
1342,NW,C,47,2
1343,NW,E,47,3
1344,N,IB,47,1
1345,N,NW,47,1
1346,N,N,47,15
1347,N,B,47,8
1348,N,C,47,3
1349,N,E,47,8
1350,B,IB,47,3
1351,B,NW,47,1
1352,B,N,47,8
1353,B,B,47,13
1354,B,C,47,4
1355,B,E,47,9
1356,C,IB,47,5
1357,C,NW,47,2
1358,C,N,47,3
1359,C,B,47,4
1360,C,C,47,11
1361,C,E,47,5
1362,E,IB,47,3
1363,E,NW,47,3
1364,E,N,47,8
1365,E,B,47,9
1366,E,C,47,5
1367,E,E,47,12
1368,IB,IB,48,11
1369,IB,NW,48,1
1370,IB,N,48,0
1371,IB,B,48,1
1372,IB,C,48,2
1373,IB,E,48,1
1374,NW,IB,48,1
1375,NW,NW,48,10
1376,NW,N,48,1
1377,NW,B,48,0
1378,NW,C,48,6
1379,NW,E,48,0
1380,N,IB,48,0
1381,N,NW,48,1
1382,N,N,48,12
1383,N,B,48,3
1384,N,C,48,0
1385,N,E,48,1
1386,B,IB,48,1
1387,B,NW,48,0
1388,B,N,48,3
1389,B,B,48,7
1390,B,C,48,1
1391,B,E,48,1
1392,C,IB,48,2
1393,C,NW,48,6
1394,C,N,48,0
1395,C,B,48,1
1396,C,C,48,10
1397,C,E,48,3
1398,E,IB,48,1
1399,E,NW,48,0
1400,E,N,48,1
1401,E,B,48,1
1402,E,C,48,3
1403,E,E,48,5
1404,IB,IB,49,6
1405,IB,NW,49,1
1406,IB,N,49,0
1407,IB,B,49,1
1408,IB,C,49,2
1409,IB,E,49,1
1410,NW,IB,49,1
1411,NW,NW,49,8
1412,NW,N,49,3
1413,NW,B,49,1
1414,NW,C,49,2
1415,NW,E,49,4
1416,N,IB,49,0
1417,N,NW,49,3
1418,N,N,49,10
1419,N,B,49,3
1420,N,C,49,1
1421,N,E,49,1
1422,B,IB,49,1
1423,B,NW,49,1
1424,B,N,49,3
1425,B,B,49,8
1426,B,C,49,1
1427,B,E,49,4
1428,C,IB,49,2
1429,C,NW,49,2
1430,C,N,49,1
1431,C,B,49,1
1432,C,C,49,4
1433,C,E,49,2
1434,E,IB,49,1
1435,E,NW,49,4
1436,E,N,49,1
1437,E,B,49,4
1438,E,C,49,2
1439,E,E,49,8
1440,IB,IB,50,9
1441,IB,NW,50,0
1442,IB,N,50,0
1443,IB,B,50,0
1444,IB,C,50,2
1445,IB,E,50,2
1446,NW,IB,50,0
1447,NW,NW,50,4
1448,NW,N,50,0
1449,NW,B,50,0
1450,NW,C,50,3
1451,NW,E,50,1
1452,N,IB,50,0
1453,N,NW,50,0
1454,N,N,50,8
1455,N,B,50,5
1456,N,C,50,2
1457,N,E,50,3
1458,B,IB,50,0
1459,B,NW,50,0
1460,B,N,50,5
1461,B,B,50,6
1462,B,C,50,0
1463,B,E,50,3
1464,C,IB,50,2
1465,C,NW,50,3
1466,C,N,50,2
1467,C,B,50,0
1468,C,C,50,8
1469,C,E,50,2
1470,E,IB,50,2
1471,E,NW,50,1
1472,E,N,50,3
1473,E,B,50,3
1474,E,C,50,2
1475,E,E,50,6
1476,IB,IB,51,16
1477,IB,NW,51,1
1478,IB,N,51,4
1479,IB,B,51,2
1480,IB,C,51,4
1481,IB,E,51,4
1482,NW,IB,51,1
1483,NW,NW,51,8
1484,NW,N,51,2
1485,NW,B,51,2
1486,NW,C,51,1
1487,NW,E,51,5
1488,N,IB,51,4
1489,N,NW,51,2
1490,N,N,51,13
1491,N,B,51,6
1492,N,C,51,5
1493,N,E,51,4
1494,B,IB,51,2
1495,B,NW,51,2
1496,B,N,51,6
1497,B,B,51,9
1498,B,C,51,5
1499,B,E,51,6
1500,C,IB,51,4
1501,C,NW,51,1
1502,C,N,51,5
1503,C,B,51,5
1504,C,C,51,8
1505,C,E,51,5
1506,E,IB,51,4
1507,E,NW,51,5
1508,E,N,51,4
1509,E,B,51,6
1510,E,C,51,5
1511,E,E,51,12
1512,IB,IB,52,9
1513,IB,NW,52,3
1514,IB,N,52,0
1515,IB,B,52,3
1516,IB,C,52,6
1517,IB,E,52,2
1518,NW,IB,52,3
1519,NW,NW,52,17
1520,NW,N,52,5
1521,NW,B,52,3
1522,NW,C,52,11
1523,NW,E,52,6
1524,N,IB,52,0
1525,N,NW,52,5
1526,N,N,52,19
1527,N,B,52,10
1528,N,C,52,5
1529,N,E,52,8
1530,B,IB,52,3
1531,B,NW,52,3
1532,B,N,52,10
1533,B,B,52,12
1534,B,C,52,4
1535,B,E,52,7
1536,C,IB,52,6
1537,C,NW,52,11
1538,C,N,52,5
1539,C,B,52,4
1540,C,C,52,18
1541,C,E,52,8
1542,E,IB,52,2
1543,E,NW,52,6
1544,E,N,52,8
1545,E,B,52,7
1546,E,C,52,8
1547,E,E,52,11
1548,IB,IB,53,8
1549,IB,NW,53,2
1550,IB,N,53,0
1551,IB,B,53,1
1552,IB,C,53,4
1553,IB,E,53,3
1554,NW,IB,53,2
1555,NW,NW,53,8
1556,NW,N,53,2
1557,NW,B,53,2
1558,NW,C,53,5
1559,NW,E,53,5
1560,N,IB,53,0
1561,N,NW,53,2
1562,N,N,53,12
1563,N,B,53,10
1564,N,C,53,2
1565,N,E,53,7
1566,B,IB,53,1
1567,B,NW,53,2
1568,B,N,53,10
1569,B,B,53,15
1570,B,C,53,5
1571,B,E,53,9
1572,C,IB,53,4
1573,C,NW,53,5
1574,C,N,53,2
1575,C,B,53,5
1576,C,C,53,12
1577,C,E,53,8
1578,E,IB,53,3
1579,E,NW,53,5
1580,E,N,53,7
1581,E,B,53,9
1582,E,C,53,8
1583,E,E,53,14
1584,IB,IB,54,11
1585,IB,NW,54,2
1586,IB,N,54,0
1587,IB,B,54,1
1588,IB,C,54,5
1589,IB,E,54,2
1590,NW,IB,54,2
1591,NW,NW,54,10
1592,NW,N,54,1
1593,NW,B,54,0
1594,NW,C,54,3
1595,NW,E,54,1
1596,N,IB,54,0
1597,N,NW,54,1
1598,N,N,54,12
1599,N,B,54,2
1600,N,C,54,0
1601,N,E,54,1
1602,B,IB,54,1
1603,B,NW,54,0
1604,B,N,54,2
1605,B,B,54,3
1606,B,C,54,0
1607,B,E,54,0
1608,C,IB,54,5
1609,C,NW,54,3
1610,C,N,54,0
1611,C,B,54,0
1612,C,C,54,5
1613,C,E,54,2
1614,E,IB,54,2
1615,E,NW,54,1
1616,E,N,54,1
1617,E,B,54,0
1618,E,C,54,2
1619,E,E,54,4
1620,IB,IB,55,11
1621,IB,NW,55,2
1622,IB,N,55,1
1623,IB,B,55,1
1624,IB,C,55,6
1625,IB,E,55,1
1626,NW,IB,55,2
1627,NW,NW,55,13
1628,NW,N,55,7
1629,NW,B,55,4
1630,NW,C,55,9
1631,NW,E,55,7
1632,N,IB,55,1
1633,N,NW,55,7
1634,N,N,55,19
1635,N,B,55,10
1636,N,C,55,9
1637,N,E,55,8
1638,B,IB,55,1
1639,B,NW,55,4
1640,B,N,55,10
1641,B,B,55,12
1642,B,C,55,9
1643,B,E,55,9
1644,C,IB,55,6
1645,C,NW,55,9
1646,C,N,55,9
1647,C,B,55,9
1648,C,C,55,14
1649,C,E,55,8
1650,E,IB,55,1
1651,E,NW,55,7
1652,E,N,55,8
1653,E,B,55,9
1654,E,C,55,8
1655,E,E,55,14
1656,IB,IB,56,14
1657,IB,NW,56,3
1658,IB,N,56,2
1659,IB,B,56,2
1660,IB,C,56,9
1661,IB,E,56,4
1662,NW,IB,56,3
1663,NW,NW,56,10
1664,NW,N,56,1
1665,NW,B,56,0
1666,NW,C,56,5
1667,NW,E,56,3
1668,N,IB,56,2
1669,N,NW,56,1
1670,N,N,56,24
1671,N,B,56,13
1672,N,C,56,4
1673,N,E,56,3
1674,B,IB,56,2
1675,B,NW,56,0
1676,B,N,56,13
1677,B,B,56,17
1678,B,C,56,3
1679,B,E,56,7
1680,C,IB,56,9
1681,C,NW,56,5
1682,C,N,56,4
1683,C,B,56,3
1684,C,C,56,14
1685,C,E,56,6
1686,E,IB,56,4
1687,E,NW,56,3
1688,E,N,56,3
1689,E,B,56,7
1690,E,C,56,6
1691,E,E,56,11
1692,IB,IB,57,13
1693,IB,NW,57,6
1694,IB,N,57,0
1695,IB,B,57,6
1696,IB,C,57,4
1697,IB,E,57,5
1698,NW,IB,57,6
1699,NW,NW,57,14
1700,NW,N,57,2
1701,NW,B,57,3
1702,NW,C,57,9
1703,NW,E,57,4
1704,N,IB,57,0
1705,N,NW,57,2
1706,N,N,57,11
1707,N,B,57,5
1708,N,C,57,3
1709,N,E,57,2
1710,B,IB,57,6
1711,B,NW,57,3
1712,B,N,57,5
1713,B,B,57,15
1714,B,C,57,6
1715,B,E,57,6
1716,C,IB,57,4
1717,C,NW,57,9
1718,C,N,57,3
1719,C,B,57,6
1720,C,C,57,12
1721,C,E,57,5
1722,E,IB,57,5
1723,E,NW,57,4
1724,E,N,57,2
1725,E,B,57,6
1726,E,C,57,5
1727,E,E,57,9
1728,IB,IB,58,16
1729,IB,NW,58,6
1730,IB,N,58,2
1731,IB,B,58,4
1732,IB,C,58,8
1733,IB,E,58,4
1734,NW,IB,58,6
1735,NW,NW,58,15
1736,NW,N,58,3
1737,NW,B,58,2
1738,NW,C,58,9
1739,NW,E,58,7
1740,N,IB,58,2
1741,N,NW,58,3
1742,N,N,58,13
1743,N,B,58,3
1744,N,C,58,2
1745,N,E,58,4
1746,B,IB,58,4
1747,B,NW,58,2
1748,B,N,58,3
1749,B,B,58,7
1750,B,C,58,3
1751,B,E,58,6
1752,C,IB,58,8
1753,C,NW,58,9
1754,C,N,58,2
1755,C,B,58,3
1756,C,C,58,12
1757,C,E,58,6
1758,E,IB,58,4
1759,E,NW,58,7
1760,E,N,58,4
1761,E,B,58,6
1762,E,C,58,6
1763,E,E,58,13
1764,IB,IB,59,11
1765,IB,NW,59,5
1766,IB,N,59,2
1767,IB,B,59,2
1768,IB,C,59,7
1769,IB,E,59,7
1770,NW,IB,59,5
1771,NW,NW,59,19
1772,NW,N,59,3
1773,NW,B,59,5
1774,NW,C,59,10
1775,NW,E,59,8
1776,N,IB,59,2
1777,N,NW,59,3
1778,N,N,59,13
1779,N,B,59,7
1780,N,C,59,5
1781,N,E,59,7
1782,B,IB,59,2
1783,B,NW,59,5
1784,B,N,59,7
1785,B,B,59,12
1786,B,C,59,5
1787,B,E,59,6
1788,C,IB,59,7
1789,C,NW,59,10
1790,C,N,59,5
1791,C,B,59,5
1792,C,C,59,14
1793,C,E,59,10
1794,E,IB,59,7
1795,E,NW,59,8
1796,E,N,59,7
1797,E,B,59,6
1798,E,C,59,10
1799,E,E,59,15
1800,IB,IB,60,15
1801,IB,NW,60,2
1802,IB,N,60,2
1803,IB,B,60,3
1804,IB,C,60,5
1805,IB,E,60,2
1806,NW,IB,60,2
1807,NW,NW,60,6
1808,NW,N,60,1
1809,NW,B,60,1
1810,NW,C,60,2
1811,NW,E,60,2
1812,N,IB,60,2
1813,N,NW,60,1
1814,N,N,60,8
1815,N,B,60,2
1816,N,C,60,2
1817,N,E,60,2
1818,B,IB,60,3
1819,B,NW,60,1
1820,B,N,60,2
1821,B,B,60,6
1822,B,C,60,3
1823,B,E,60,4
1824,C,IB,60,5
1825,C,NW,60,2
1826,C,N,60,2
1827,C,B,60,3
1828,C,C,60,10
1829,C,E,60,5
1830,E,IB,60,2
1831,E,NW,60,2
1832,E,N,60,2
1833,E,B,60,4
1834,E,C,60,5
1835,E,E,60,7
1836,IB,IB,61,9
1837,IB,NW,61,2
1838,IB,N,61,1
1839,IB,B,61,1
1840,IB,C,61,4
1841,IB,E,61,3
1842,NW,IB,61,2
1843,NW,NW,61,11
1844,NW,N,61,2
1845,NW,B,61,1
1846,NW,C,61,6
1847,NW,E,61,4
1848,N,IB,61,1
1849,N,NW,61,2
1850,N,N,61,12
1851,N,B,61,4
1852,N,C,61,3
1853,N,E,61,4
1854,B,IB,61,1
1855,B,NW,61,1
1856,B,N,61,4
1857,B,B,61,10
1858,B,C,61,2
1859,B,E,61,6
1860,C,IB,61,4
1861,C,NW,61,6
1862,C,N,61,3
1863,C,B,61,2
1864,C,C,61,11
1865,C,E,61,7
1866,E,IB,61,3
1867,E,NW,61,4
1868,E,N,61,4
1869,E,B,61,6
1870,E,C,61,7
1871,E,E,61,12
1872,IB,IB,62,5
1873,IB,NW,62,3
1874,IB,N,62,0
1875,IB,B,62,0
1876,IB,C,62,2
1877,IB,E,62,1
1878,NW,IB,62,3
1879,NW,NW,62,7
1880,NW,N,62,1
1881,NW,B,62,2
1882,NW,C,62,4
1883,NW,E,62,3
1884,N,IB,62,0
1885,N,NW,62,1
1886,N,N,62,14
1887,N,B,62,9
1888,N,C,62,1
1889,N,E,62,6
1890,B,IB,62,0
1891,B,NW,62,2
1892,B,N,62,9
1893,B,B,62,10
1894,B,C,62,1
1895,B,E,62,6
1896,C,IB,62,2
1897,C,NW,62,4
1898,C,N,62,1
1899,C,B,62,1
1900,C,C,62,6
1901,C,E,62,3
1902,E,IB,62,1
1903,E,NW,62,3
1904,E,N,62,6
1905,E,B,62,6
1906,E,C,62,3
1907,E,E,62,12
1908,IB,IB,63,13
1909,IB,NW,63,5
1910,IB,N,63,1
1911,IB,B,63,5
1912,IB,C,63,8
1913,IB,E,63,5
1914,NW,IB,63,5
1915,NW,NW,63,16
1916,NW,N,63,6
1917,NW,B,63,7
1918,NW,C,63,9
1919,NW,E,63,8
1920,N,IB,63,1
1921,N,NW,63,6
1922,N,N,63,13
1923,N,B,63,10
1924,N,C,63,4
1925,N,E,63,4
1926,B,IB,63,5
1927,B,NW,63,7
1928,B,N,63,10
1929,B,B,63,18
1930,B,C,63,11
1931,B,E,63,14
1932,C,IB,63,8
1933,C,NW,63,9
1934,C,N,63,4
1935,C,B,63,11
1936,C,C,63,15
1937,C,E,63,12
1938,E,IB,63,5
1939,E,NW,63,8
1940,E,N,63,4
1941,E,B,63,14
1942,E,C,63,12
1943,E,E,63,14
1944,IB,IB,64,11
1945,IB,NW,64,1
1946,IB,N,64,0
1947,IB,B,64,0
1948,IB,C,64,2
1949,IB,E,64,2
1950,NW,IB,64,1
1951,NW,NW,64,9
1952,NW,N,64,4
1953,NW,B,64,2
1954,NW,C,64,5
1955,NW,E,64,6
1956,N,IB,64,0
1957,N,NW,64,4
1958,N,N,64,15
1959,N,B,64,7
1960,N,C,64,5
1961,N,E,64,4
1962,B,IB,64,0
1963,B,NW,64,2
1964,B,N,64,7
1965,B,B,64,11
1966,B,C,64,3
1967,B,E,64,6
1968,C,IB,64,2
1969,C,NW,64,5
1970,C,N,64,5
1971,C,B,64,3
1972,C,C,64,9
1973,C,E,64,7
1974,E,IB,64,2
1975,E,NW,64,6
1976,E,N,64,4
1977,E,B,64,6
1978,E,C,64,7
1979,E,E,64,10
1980,IB,IB,65,10
1981,IB,NW,65,1
1982,IB,N,65,0
1983,IB,B,65,0
1984,IB,C,65,2
1985,IB,E,65,1
1986,NW,IB,65,1
1987,NW,NW,65,8
1988,NW,N,65,0
1989,NW,B,65,0
1990,NW,C,65,3
1991,NW,E,65,3
1992,N,IB,65,0
1993,N,NW,65,0
1994,N,N,65,6
1995,N,B,65,2
1996,N,C,65,1
1997,N,E,65,1
1998,B,IB,65,0
1999,B,NW,65,0
2000,B,N,65,2
2001,B,B,65,6
2002,B,C,65,1
2003,B,E,65,1
2004,C,IB,65,2
2005,C,NW,65,3
2006,C,N,65,1
2007,C,B,65,1
2008,C,C,65,7
2009,C,E,65,5
2010,E,IB,65,1
2011,E,NW,65,3
2012,E,N,65,1
2013,E,B,65,1
2014,E,C,65,5
2015,E,E,65,6
2016,IB,IB,66,8
2017,IB,NW,66,0
2018,IB,N,66,0
2019,IB,B,66,2
2020,IB,C,66,2
2021,IB,E,66,3
2022,NW,IB,66,0
2023,NW,NW,66,6
2024,NW,N,66,0
2025,NW,B,66,0
2026,NW,C,66,0
2027,NW,E,66,0
2028,N,IB,66,0
2029,N,NW,66,0
2030,N,N,66,6
2031,N,B,66,2
2032,N,C,66,1
2033,N,E,66,2
2034,B,IB,66,2
2035,B,NW,66,0
2036,B,N,66,2
2037,B,B,66,6
2038,B,C,66,1
2039,B,E,66,5
2040,C,IB,66,2
2041,C,NW,66,0
2042,C,N,66,1
2043,C,B,66,1
2044,C,C,66,4
2045,C,E,66,3
2046,E,IB,66,3
2047,E,NW,66,0
2048,E,N,66,2
2049,E,B,66,5
2050,E,C,66,3
2051,E,E,66,6
2052,IB,IB,67,6
2053,IB,NW,67,1
2054,IB,N,67,0
2055,IB,B,67,0
2056,IB,C,67,1
2057,IB,E,67,2
2058,NW,IB,67,1
2059,NW,NW,67,8
2060,NW,N,67,2
2061,NW,B,67,2
2062,NW,C,67,4
2063,NW,E,67,3
2064,N,IB,67,0
2065,N,NW,67,2
2066,N,N,67,18
2067,N,B,67,8
2068,N,C,67,2
2069,N,E,67,8
2070,B,IB,67,0
2071,B,NW,67,2
2072,B,N,67,8
2073,B,B,67,11
2074,B,C,67,1
2075,B,E,67,7
2076,C,IB,67,1
2077,C,NW,67,4
2078,C,N,67,2
2079,C,B,67,1
2080,C,C,67,6
2081,C,E,67,3
2082,E,IB,67,2
2083,E,NW,67,3
2084,E,N,67,8
2085,E,B,67,7
2086,E,C,67,3
2087,E,E,67,12
2088,IB,IB,68,13
2089,IB,NW,68,7
2090,IB,N,68,1
2091,IB,B,68,4
2092,IB,C,68,6
2093,IB,E,68,3
2094,NW,IB,68,7
2095,NW,NW,68,14
2096,NW,N,68,2
2097,NW,B,68,3
2098,NW,C,68,8
2099,NW,E,68,8
2100,N,IB,68,1
2101,N,NW,68,2
2102,N,N,68,11
2103,N,B,68,6
2104,N,C,68,5
2105,N,E,68,7
2106,B,IB,68,4
2107,B,NW,68,3
2108,B,N,68,6
2109,B,B,68,10
2110,B,C,68,7
2111,B,E,68,9
2112,C,IB,68,6
2113,C,NW,68,8
2114,C,N,68,5
2115,C,B,68,7
2116,C,C,68,11
2117,C,E,68,7
2118,E,IB,68,3
2119,E,NW,68,8
2120,E,N,68,7
2121,E,B,68,9
2122,E,C,68,7
2123,E,E,68,10
2124,IB,IB,69,16
2125,IB,NW,69,3
2126,IB,N,69,2
2127,IB,B,69,3
2128,IB,C,69,8
2129,IB,E,69,7
2130,NW,IB,69,3
2131,NW,NW,69,8
2132,NW,N,69,2
2133,NW,B,69,3
2134,NW,C,69,6
2135,NW,E,69,5
2136,N,IB,69,2
2137,N,NW,69,2
2138,N,N,69,22
2139,N,B,69,10
2140,N,C,69,5
2141,N,E,69,9
2142,B,IB,69,3
2143,B,NW,69,3
2144,B,N,69,10
2145,B,B,69,15
2146,B,C,69,7
2147,B,E,69,11
2148,C,IB,69,8
2149,C,NW,69,6
2150,C,N,69,5
2151,C,B,69,7
2152,C,C,69,12
2153,C,E,69,8
2154,E,IB,69,7
2155,E,NW,69,5
2156,E,N,69,9
2157,E,B,69,11
2158,E,C,69,8
2159,E,E,69,14
2160,IB,IB,70,13
2161,IB,NW,70,2
2162,IB,N,70,1
2163,IB,B,70,2
2164,IB,C,70,4
2165,IB,E,70,2
2166,NW,IB,70,2
2167,NW,NW,70,7
2168,NW,N,70,0
2169,NW,B,70,1
2170,NW,C,70,5
2171,NW,E,70,2
2172,N,IB,70,1
2173,N,NW,70,0
2174,N,N,70,5
2175,N,B,70,2
2176,N,C,70,2
2177,N,E,70,2
2178,B,IB,70,2
2179,B,NW,70,1
2180,B,N,70,2
2181,B,B,70,4
2182,B,C,70,2
2183,B,E,70,3
2184,C,IB,70,4
2185,C,NW,70,5
2186,C,N,70,2
2187,C,B,70,2
2188,C,C,70,9
2189,C,E,70,3
2190,E,IB,70,2
2191,E,NW,70,2
2192,E,N,70,2
2193,E,B,70,3
2194,E,C,70,3
2195,E,E,70,6
2196,IB,IB,71,10
2197,IB,NW,71,1
2198,IB,N,71,1
2199,IB,B,71,3
2200,IB,C,71,6
2201,IB,E,71,2
2202,NW,IB,71,1
2203,NW,NW,71,9
2204,NW,N,71,1
2205,NW,B,71,2
2206,NW,C,71,2
2207,NW,E,71,4
2208,N,IB,71,1
2209,N,NW,71,1
2210,N,N,71,4
2211,N,B,71,3
2212,N,C,71,0
2213,N,E,71,3
2214,B,IB,71,3
2215,B,NW,71,2
2216,B,N,71,3
2217,B,B,71,8
2218,B,C,71,4
2219,B,E,71,6
2220,C,IB,71,6
2221,C,NW,71,2
2222,C,N,71,0
2223,C,B,71,4
2224,C,C,71,7
2225,C,E,71,2
2226,E,IB,71,2
2227,E,NW,71,4
2228,E,N,71,3
2229,E,B,71,6
2230,E,C,71,2
2231,E,E,71,6
2232,IB,IB,72,12
2233,IB,NW,72,3
2234,IB,N,72,0
2235,IB,B,72,1
2236,IB,C,72,2
2237,IB,E,72,4
2238,NW,IB,72,3
2239,NW,NW,72,10
2240,NW,N,72,1
2241,NW,B,72,0
2242,NW,C,72,4
2243,NW,E,72,5
2244,N,IB,72,0
2245,N,NW,72,1
2246,N,N,72,14
2247,N,B,72,3
2248,N,C,72,1
2249,N,E,72,3
2250,B,IB,72,1
2251,B,NW,72,0
2252,B,N,72,3
2253,B,B,72,5
2254,B,C,72,0
2255,B,E,72,2
2256,C,IB,72,2
2257,C,NW,72,4
2258,C,N,72,1
2259,C,B,72,0
2260,C,C,72,5
2261,C,E,72,4
2262,E,IB,72,4
2263,E,NW,72,5
2264,E,N,72,3
2265,E,B,72,2
2266,E,C,72,4
2267,E,E,72,10
2268,IB,IB,73,9
2269,IB,NW,73,3
2270,IB,N,73,3
2271,IB,B,73,3
2272,IB,C,73,3
2273,IB,E,73,2
2274,NW,IB,73,3
2275,NW,NW,73,8
2276,NW,N,73,2
2277,NW,B,73,3
2278,NW,C,73,5
2279,NW,E,73,5
2280,N,IB,73,3
2281,N,NW,73,2
2282,N,N,73,9
2283,N,B,73,7
2284,N,C,73,7
2285,N,E,73,4
2286,B,IB,73,3
2287,B,NW,73,3
2288,B,N,73,7
2289,B,B,73,6
2290,B,C,73,3
2291,B,E,73,4
2292,C,IB,73,3
2293,C,NW,73,5
2294,C,N,73,7
2295,C,B,73,3
2296,C,C,73,7
2297,C,E,73,6
2298,E,IB,73,2
2299,E,NW,73,5
2300,E,N,73,4
2301,E,B,73,4
2302,E,C,73,6
2303,E,E,73,8
2304,IB,IB,74,10
2305,IB,NW,74,3
2306,IB,N,74,1
2307,IB,B,74,2
2308,IB,C,74,5
2309,IB,E,74,4
2310,NW,IB,74,3
2311,NW,NW,74,7
2312,NW,N,74,4
2313,NW,B,74,4
2314,NW,C,74,4
2315,NW,E,74,5
2316,N,IB,74,1
2317,N,NW,74,4
2318,N,N,74,8
2319,N,B,74,6
2320,N,C,74,2
2321,N,E,74,3
2322,B,IB,74,2
2323,B,NW,74,4
2324,B,N,74,6
2325,B,B,74,10
2326,B,C,74,3
2327,B,E,74,8
2328,C,IB,74,5
2329,C,NW,74,4
2330,C,N,74,2
2331,C,B,74,3
2332,C,C,74,8
2333,C,E,74,6
2334,E,IB,74,4
2335,E,NW,74,5
2336,E,N,74,3
2337,E,B,74,8
2338,E,C,74,6
2339,E,E,74,11
2340,IB,IB,75,8
2341,IB,NW,75,0
2342,IB,N,75,0
2343,IB,B,75,0
2344,IB,C,75,2
2345,IB,E,75,2
2346,NW,IB,75,0
2347,NW,NW,75,8
2348,NW,N,75,1
2349,NW,B,75,1
2350,NW,C,75,1
2351,NW,E,75,1
2352,N,IB,75,0
2353,N,NW,75,1
2354,N,N,75,5
2355,N,B,75,1
2356,N,C,75,0
2357,N,E,75,1
2358,B,IB,75,0
2359,B,NW,75,1
2360,B,N,75,1
2361,B,B,75,6
2362,B,C,75,0
2363,B,E,75,2
2364,C,IB,75,2
2365,C,NW,75,1
2366,C,N,75,0
2367,C,B,75,0
2368,C,C,75,2
2369,C,E,75,1
2370,E,IB,75,2
2371,E,NW,75,1
2372,E,N,75,1
2373,E,B,75,2
2374,E,C,75,1
2375,E,E,75,4
2376,IB,IB,76,18
2377,IB,NW,76,6
2378,IB,N,76,1
2379,IB,B,76,2
2380,IB,C,76,5
2381,IB,E,76,3
2382,NW,IB,76,6
2383,NW,NW,76,9
2384,NW,N,76,2
2385,NW,B,76,4
2386,NW,C,76,8
2387,NW,E,76,6
2388,N,IB,76,1
2389,N,NW,76,2
2390,N,N,76,7
2391,N,B,76,7
2392,N,C,76,3
2393,N,E,76,4
2394,B,IB,76,2
2395,B,NW,76,4
2396,B,N,76,7
2397,B,B,76,11
2398,B,C,76,4
2399,B,E,76,4
2400,C,IB,76,5
2401,C,NW,76,8
2402,C,N,76,3
2403,C,B,76,4
2404,C,C,76,7
2405,C,E,76,6
2406,E,IB,76,3
2407,E,NW,76,6
2408,E,N,76,4
2409,E,B,76,4
2410,E,C,76,6
2411,E,E,76,5
2412,IB,IB,77,14
2413,IB,NW,77,2
2414,IB,N,77,4
2415,IB,B,77,3
2416,IB,C,77,6
2417,IB,E,77,8
2418,NW,IB,77,2
2419,NW,NW,77,12
2420,NW,N,77,0
2421,NW,B,77,0
2422,NW,C,77,5
2423,NW,E,77,5
2424,N,IB,77,4
2425,N,NW,77,0
2426,N,N,77,4
2427,N,B,77,3
2428,N,C,77,3
2429,N,E,77,3
2430,B,IB,77,3
2431,B,NW,77,0
2432,B,N,77,3
2433,B,B,77,7
2434,B,C,77,1
2435,B,E,77,6
2436,C,IB,77,6
2437,C,NW,77,5
2438,C,N,77,3
2439,C,B,77,1
2440,C,C,77,10
2441,C,E,77,11
2442,E,IB,77,8
2443,E,NW,77,5
2444,E,N,77,3
2445,E,B,77,6
2446,E,C,77,11
2447,E,E,77,11
2448,IB,IB,78,9
2449,IB,NW,78,2
2450,IB,N,78,1
2451,IB,B,78,2
2452,IB,C,78,3
2453,IB,E,78,2
2454,NW,IB,78,2
2455,NW,NW,78,11
2456,NW,N,78,0
2457,NW,B,78,4
2458,NW,C,78,6
2459,NW,E,78,4
2460,N,IB,78,1
2461,N,NW,78,0
2462,N,N,78,13
2463,N,B,78,5
2464,N,C,78,2
2465,N,E,78,6
2466,B,IB,78,2
2467,B,NW,78,4
2468,B,N,78,5
2469,B,B,78,12
2470,B,C,78,6
2471,B,E,78,10
2472,C,IB,78,3
2473,C,NW,78,6
2474,C,N,78,2
2475,C,B,78,6
2476,C,C,78,13
2477,C,E,78,6
2478,E,IB,78,2
2479,E,NW,78,4
2480,E,N,78,6
2481,E,B,78,10
2482,E,C,78,6
2483,E,E,78,15
2484,IB,IB,79,7
2485,IB,NW,79,2
2486,IB,N,79,0
2487,IB,B,79,1
2488,IB,C,79,2
2489,IB,E,79,0
2490,NW,IB,79,2
2491,NW,NW,79,20
2492,NW,N,79,2
2493,NW,B,79,2
2494,NW,C,79,8
2495,NW,E,79,3
2496,N,IB,79,0
2497,N,NW,79,2
2498,N,N,79,10
2499,N,B,79,4
2500,N,C,79,0
2501,N,E,79,0
2502,B,IB,79,1
2503,B,NW,79,2
2504,B,N,79,4
2505,B,B,79,10
2506,B,C,79,2
2507,B,E,79,2
2508,C,IB,79,2
2509,C,NW,79,8
2510,C,N,79,0
2511,C,B,79,2
2512,C,C,79,10
2513,C,E,79,4
2514,E,IB,79,0
2515,E,NW,79,3
2516,E,N,79,0
2517,E,B,79,2
2518,E,C,79,4
2519,E,E,79,4
2520,IB,IB,80,9
2521,IB,NW,80,3
2522,IB,N,80,0
2523,IB,B,80,3
2524,IB,C,80,7
2525,IB,E,80,7
2526,NW,IB,80,3
2527,NW,NW,80,11
2528,NW,N,80,2
2529,NW,B,80,2
2530,NW,C,80,3
2531,NW,E,80,4
2532,N,IB,80,0
2533,N,NW,80,2
2534,N,N,80,5
2535,N,B,80,2
2536,N,C,80,3
2537,N,E,80,3
2538,B,IB,80,3
2539,B,NW,80,2
2540,B,N,80,2
2541,B,B,80,3
2542,B,C,80,2
2543,B,E,80,4
2544,C,IB,80,7
2545,C,NW,80,3
2546,C,N,80,3
2547,C,B,80,2
2548,C,C,80,11
2549,C,E,80,9
2550,E,IB,80,7
2551,E,NW,80,4
2552,E,N,80,3
2553,E,B,80,4
2554,E,C,80,9
2555,E,E,80,9
2556,IB,IB,81,12
2557,IB,NW,81,4
2558,IB,N,81,0
2559,IB,B,81,1
2560,IB,C,81,5
2561,IB,E,81,3
2562,NW,IB,81,4
2563,NW,NW,81,15
2564,NW,N,81,2
2565,NW,B,81,2
2566,NW,C,81,10
2567,NW,E,81,5
2568,N,IB,81,0
2569,N,NW,81,2
2570,N,N,81,8
2571,N,B,81,3
2572,N,C,81,3
2573,N,E,81,1
2574,B,IB,81,1
2575,B,NW,81,2
2576,B,N,81,3
2577,B,B,81,9
2578,B,C,81,3
2579,B,E,81,3
2580,C,IB,81,5
2581,C,NW,81,10
2582,C,N,81,3
2583,C,B,81,3
2584,C,C,81,11
2585,C,E,81,6
2586,E,IB,81,3
2587,E,NW,81,5
2588,E,N,81,1
2589,E,B,81,3
2590,E,C,81,6
2591,E,E,81,8
2592,IB,IB,82,9
2593,IB,NW,82,4
2594,IB,N,82,0
2595,IB,B,82,0
2596,IB,C,82,3
2597,IB,E,82,2
2598,NW,IB,82,4
2599,NW,NW,82,11
2600,NW,N,82,4
2601,NW,B,82,3
2602,NW,C,82,11
2603,NW,E,82,8
2604,N,IB,82,0
2605,N,NW,82,4
2606,N,N,82,9
2607,N,B,82,3
2608,N,C,82,6
2609,N,E,82,2
2610,B,IB,82,0
2611,B,NW,82,3
2612,B,N,82,3
2613,B,B,82,7
2614,B,C,82,4
2615,B,E,82,3
2616,C,IB,82,3
2617,C,NW,82,11
2618,C,N,82,6
2619,C,B,82,4
2620,C,C,82,15
2621,C,E,82,6
2622,E,IB,82,2
2623,E,NW,82,8
2624,E,N,82,2
2625,E,B,82,3
2626,E,C,82,6
2627,E,E,82,10
2628,IB,IB,83,9
2629,IB,NW,83,3
2630,IB,N,83,0
2631,IB,B,83,2
2632,IB,C,83,6
2633,IB,E,83,4
2634,NW,IB,83,3
2635,NW,NW,83,9
2636,NW,N,83,2
2637,NW,B,83,4
2638,NW,C,83,5
2639,NW,E,83,6
2640,N,IB,83,0
2641,N,NW,83,2
2642,N,N,83,6
2643,N,B,83,5
2644,N,C,83,2
2645,N,E,83,4
2646,B,IB,83,2
2647,B,NW,83,4
2648,B,N,83,5
2649,B,B,83,10
2650,B,C,83,2
2651,B,E,83,5
2652,C,IB,83,6
2653,C,NW,83,5
2654,C,N,83,2
2655,C,B,83,2
2656,C,C,83,11
2657,C,E,83,8
2658,E,IB,83,4
2659,E,NW,83,6
2660,E,N,83,4
2661,E,B,83,5
2662,E,C,83,8
2663,E,E,83,14
2664,IB,IB,84,6
2665,IB,NW,84,4
2666,IB,N,84,0
2667,IB,B,84,2
2668,IB,C,84,6
2669,IB,E,84,2
2670,NW,IB,84,4
2671,NW,NW,84,16
2672,NW,N,84,0
2673,NW,B,84,2
2674,NW,C,84,12
2675,NW,E,84,3
2676,N,IB,84,0
2677,N,NW,84,0
2678,N,N,84,0
2679,N,B,84,0
2680,N,C,84,0
2681,N,E,84,0
2682,B,IB,84,2
2683,B,NW,84,2
2684,B,N,84,0
2685,B,B,84,7
2686,B,C,84,3
2687,B,E,84,4
2688,C,IB,84,6
2689,C,NW,84,12
2690,C,N,84,0
2691,C,B,84,3
2692,C,C,84,13
2693,C,E,84,4
2694,E,IB,84,2
2695,E,NW,84,3
2696,E,N,84,0
2697,E,B,84,4
2698,E,C,84,4
2699,E,E,84,6
2700,IB,IB,85,10
2701,IB,NW,85,5
2702,IB,N,85,1
2703,IB,B,85,1
2704,IB,C,85,7
2705,IB,E,85,2
2706,NW,IB,85,5
2707,NW,NW,85,14
2708,NW,N,85,2
2709,NW,B,85,0
2710,NW,C,85,8
2711,NW,E,85,4
2712,N,IB,85,1
2713,N,NW,85,2
2714,N,N,85,12
2715,N,B,85,12
2716,N,C,85,7
2717,N,E,85,9
2718,B,IB,85,1
2719,B,NW,85,0
2720,B,N,85,12
2721,B,B,85,15
2722,B,C,85,6
2723,B,E,85,12
2724,C,IB,85,7
2725,C,NW,85,8
2726,C,N,85,7
2727,C,B,85,6
2728,C,C,85,16
2729,C,E,85,9
2730,E,IB,85,2
2731,E,NW,85,4
2732,E,N,85,9
2733,E,B,85,12
2734,E,C,85,9
2735,E,E,85,13
2736,IB,IB,86,8
2737,IB,NW,86,3
2738,IB,N,86,1
2739,IB,B,86,3
2740,IB,C,86,5
2741,IB,E,86,4
2742,NW,IB,86,3
2743,NW,NW,86,9
2744,NW,N,86,2
2745,NW,B,86,3
2746,NW,C,86,8
2747,NW,E,86,6
2748,N,IB,86,1
2749,N,NW,86,2
2750,N,N,86,10
2751,N,B,86,6
2752,N,C,86,4
2753,N,E,86,3
2754,B,IB,86,3
2755,B,NW,86,3
2756,B,N,86,6
2757,B,B,86,15
2758,B,C,86,7
2759,B,E,86,9
2760,C,IB,86,5
2761,C,NW,86,8
2762,C,N,86,4
2763,C,B,86,7
2764,C,C,86,13
2765,C,E,86,8
2766,E,IB,86,4
2767,E,NW,86,6
2768,E,N,86,3
2769,E,B,86,9
2770,E,C,86,8
2771,E,E,86,11
2772,IB,IB,87,7
2773,IB,NW,87,2
2774,IB,N,87,1
2775,IB,B,87,2
2776,IB,C,87,2
2777,IB,E,87,2
2778,NW,IB,87,2
2779,NW,NW,87,13
2780,NW,N,87,3
2781,NW,B,87,3
2782,NW,C,87,6
2783,NW,E,87,5
2784,N,IB,87,1
2785,N,NW,87,3
2786,N,N,87,15
2787,N,B,87,9
2788,N,C,87,7
2789,N,E,87,7
2790,B,IB,87,2
2791,B,NW,87,3
2792,B,N,87,9
2793,B,B,87,15
2794,B,C,87,3
2795,B,E,87,4
2796,C,IB,87,2
2797,C,NW,87,6
2798,C,N,87,7
2799,C,B,87,3
2800,C,C,87,12
2801,C,E,87,8
2802,E,IB,87,2
2803,E,NW,87,5
2804,E,N,87,7
2805,E,B,87,4
2806,E,C,87,8
2807,E,E,87,12
2808,IB,IB,88,8
2809,IB,NW,88,1
2810,IB,N,88,1
2811,IB,B,88,1
2812,IB,C,88,3
2813,IB,E,88,1
2814,NW,IB,88,1
2815,NW,NW,88,9
2816,NW,N,88,2
2817,NW,B,88,2
2818,NW,C,88,4
2819,NW,E,88,3
2820,N,IB,88,1
2821,N,NW,88,2
2822,N,N,88,7
2823,N,B,88,3
2824,N,C,88,2
2825,N,E,88,2
2826,B,IB,88,1
2827,B,NW,88,2
2828,B,N,88,3
2829,B,B,88,9
2830,B,C,88,5
2831,B,E,88,8
2832,C,IB,88,3
2833,C,NW,88,4
2834,C,N,88,2
2835,C,B,88,5
2836,C,C,88,8
2837,C,E,88,7
2838,E,IB,88,1
2839,E,NW,88,3
2840,E,N,88,2
2841,E,B,88,8
2842,E,C,88,7
2843,E,E,88,9
2844,IB,IB,89,5
2845,IB,NW,89,1
2846,IB,N,89,2
2847,IB,B,89,0
2848,IB,C,89,2
2849,IB,E,89,2
2850,NW,IB,89,1
2851,NW,NW,89,10
2852,NW,N,89,2
2853,NW,B,89,1
2854,NW,C,89,6
2855,NW,E,89,4
2856,N,IB,89,2
2857,N,NW,89,2
2858,N,N,89,11
2859,N,B,89,4
2860,N,C,89,3
2861,N,E,89,3
2862,B,IB,89,0
2863,B,NW,89,1
2864,B,N,89,4
2865,B,B,89,9
2866,B,C,89,2
2867,B,E,89,6
2868,C,IB,89,2
2869,C,NW,89,6
2870,C,N,89,3
2871,C,B,89,2
2872,C,C,89,10
2873,C,E,89,7
2874,E,IB,89,2
2875,E,NW,89,4
2876,E,N,89,3
2877,E,B,89,6
2878,E,C,89,7
2879,E,E,89,11
2880,IB,IB,90,16
2881,IB,NW,90,6
2882,IB,N,90,2
2883,IB,B,90,1
2884,IB,C,90,11
2885,IB,E,90,6
2886,NW,IB,90,6
2887,NW,NW,90,15
2888,NW,N,90,3
2889,NW,B,90,4
2890,NW,C,90,13
2891,NW,E,90,9
2892,N,IB,90,2
2893,N,NW,90,3
2894,N,N,90,9
2895,N,B,90,4
2896,N,C,90,2
2897,N,E,90,2
2898,B,IB,90,1
2899,B,NW,90,4
2900,B,N,90,4
2901,B,B,90,7
2902,B,C,90,4
2903,B,E,90,6
2904,C,IB,90,11
2905,C,NW,90,13
2906,C,N,90,2
2907,C,B,90,4
2908,C,C,90,18
2909,C,E,90,11
2910,E,IB,90,6
2911,E,NW,90,9
2912,E,N,90,2
2913,E,B,90,6
2914,E,C,90,11
2915,E,E,90,11
2916,IB,IB,91,12
2917,IB,NW,91,2
2918,IB,N,91,3
2919,IB,B,91,6
2920,IB,C,91,4
2921,IB,E,91,6
2922,NW,IB,91,2
2923,NW,NW,91,12
2924,NW,N,91,2
2925,NW,B,91,4
2926,NW,C,91,7
2927,NW,E,91,9
2928,N,IB,91,3
2929,N,NW,91,2
2930,N,N,91,8
2931,N,B,91,5
2932,N,C,91,2
2933,N,E,91,6
2934,B,IB,91,6
2935,B,NW,91,4
2936,B,N,91,5
2937,B,B,91,13
2938,B,C,91,6
2939,B,E,91,10
2940,C,IB,91,4
2941,C,NW,91,7
2942,C,N,91,2
2943,C,B,91,6
2944,C,C,91,11
2945,C,E,91,9
2946,E,IB,91,6
2947,E,NW,91,9
2948,E,N,91,6
2949,E,B,91,10
2950,E,C,91,9
2951,E,E,91,18
2952,IB,IB,92,6
2953,IB,NW,92,2
2954,IB,N,92,0
2955,IB,B,92,3
2956,IB,C,92,2
2957,IB,E,92,2
2958,NW,IB,92,2
2959,NW,NW,92,11
2960,NW,N,92,0
2961,NW,B,92,3
2962,NW,C,92,4
2963,NW,E,92,8
2964,N,IB,92,0
2965,N,NW,92,0
2966,N,N,92,11
2967,N,B,92,7
2968,N,C,92,2
2969,N,E,92,6
2970,B,IB,92,3
2971,B,NW,92,3
2972,B,N,92,7
2973,B,B,92,14
2974,B,C,92,5
2975,B,E,92,10
2976,C,IB,92,2
2977,C,NW,92,4
2978,C,N,92,2
2979,C,B,92,5
2980,C,C,92,9
2981,C,E,92,9
2982,E,IB,92,2
2983,E,NW,92,8
2984,E,N,92,6
2985,E,B,92,10
2986,E,C,92,9
2987,E,E,92,18
2988,IB,IB,93,12
2989,IB,NW,93,1
2990,IB,N,93,0
2991,IB,B,93,4
2992,IB,C,93,3
2993,IB,E,93,2
2994,NW,IB,93,1
2995,NW,NW,93,12
2996,NW,N,93,2
2997,NW,B,93,2
2998,NW,C,93,6
2999,NW,E,93,6
3000,N,IB,93,0
3001,N,NW,93,2
3002,N,N,93,9
3003,N,B,93,6
3004,N,C,93,5
3005,N,E,93,4
3006,B,IB,93,4
3007,B,NW,93,2
3008,B,N,93,6
3009,B,B,93,10
3010,B,C,93,3
3011,B,E,93,5
3012,C,IB,93,3
3013,C,NW,93,6
3014,C,N,93,5
3015,C,B,93,3
3016,C,C,93,14
3017,C,E,93,11
3018,E,IB,93,2
3019,E,NW,93,6
3020,E,N,93,4
3021,E,B,93,5
3022,E,C,93,11
3023,E,E,93,13
3024,IB,IB,94,6
3025,IB,NW,94,0
3026,IB,N,94,2
3027,IB,B,94,2
3028,IB,C,94,2
3029,IB,E,94,2
3030,NW,IB,94,0
3031,NW,NW,94,4
3032,NW,N,94,3
3033,NW,B,94,1
3034,NW,C,94,2
3035,NW,E,94,2
3036,N,IB,94,2
3037,N,NW,94,3
3038,N,N,94,11
3039,N,B,94,7
3040,N,C,94,5
3041,N,E,94,4
3042,B,IB,94,2
3043,B,NW,94,1
3044,B,N,94,7
3045,B,B,94,9
3046,B,C,94,3
3047,B,E,94,3
3048,C,IB,94,2
3049,C,NW,94,2
3050,C,N,94,5
3051,C,B,94,3
3052,C,C,94,7
3053,C,E,94,3
3054,E,IB,94,2
3055,E,NW,94,2
3056,E,N,94,4
3057,E,B,94,3
3058,E,C,94,3
3059,E,E,94,4
3060,IB,IB,95,8
3061,IB,NW,95,2
3062,IB,N,95,2
3063,IB,B,95,3
3064,IB,C,95,3
3065,IB,E,95,4
3066,NW,IB,95,2
3067,NW,NW,95,5
3068,NW,N,95,1
3069,NW,B,95,2
3070,NW,C,95,5
3071,NW,E,95,4
3072,N,IB,95,2
3073,N,NW,95,1
3074,N,N,95,13
3075,N,B,95,6
3076,N,C,95,2
3077,N,E,95,6
3078,B,IB,95,3
3079,B,NW,95,2
3080,B,N,95,6
3081,B,B,95,9
3082,B,C,95,4
3083,B,E,95,8
3084,C,IB,95,3
3085,C,NW,95,5
3086,C,N,95,2
3087,C,B,95,4
3088,C,C,95,8
3089,C,E,95,7
3090,E,IB,95,4
3091,E,NW,95,4
3092,E,N,95,6
3093,E,B,95,8
3094,E,C,95,7
3095,E,E,95,11
3096,IB,IB,96,13
3097,IB,NW,96,6
3098,IB,N,96,1
3099,IB,B,96,2
3100,IB,C,96,9
3101,IB,E,96,8
3102,NW,IB,96,6
3103,NW,NW,96,14
3104,NW,N,96,2
3105,NW,B,96,5
3106,NW,C,96,9
3107,NW,E,96,7
3108,N,IB,96,1
3109,N,NW,96,2
3110,N,N,96,11
3111,N,B,96,3
3112,N,C,96,5
3113,N,E,96,3
3114,B,IB,96,2
3115,B,NW,96,5
3116,B,N,96,3
3117,B,B,96,10
3118,B,C,96,7
3119,B,E,96,9
3120,C,IB,96,9
3121,C,NW,96,9
3122,C,N,96,5
3123,C,B,96,7
3124,C,C,96,16
3125,C,E,96,15
3126,E,IB,96,8
3127,E,NW,96,7
3128,E,N,96,3
3129,E,B,96,9
3130,E,C,96,15
3131,E,E,96,16
3132,IB,IB,97,8
3133,IB,NW,97,2
3134,IB,N,97,1
3135,IB,B,97,1
3136,IB,C,97,3
3137,IB,E,97,1
3138,NW,IB,97,2
3139,NW,NW,97,6
3140,NW,N,97,0
3141,NW,B,97,0
3142,NW,C,97,3
3143,NW,E,97,1
3144,N,IB,97,1
3145,N,NW,97,0
3146,N,N,97,6
3147,N,B,97,3
3148,N,C,97,0
3149,N,E,97,0
3150,B,IB,97,1
3151,B,NW,97,0
3152,B,N,97,3
3153,B,B,97,9
3154,B,C,97,3
3155,B,E,97,3
3156,C,IB,97,3
3157,C,NW,97,3
3158,C,N,97,0
3159,C,B,97,3
3160,C,C,97,8
3161,C,E,97,7
3162,E,IB,97,1
3163,E,NW,97,1
3164,E,N,97,0
3165,E,B,97,3
3166,E,C,97,7
3167,E,E,97,12
3168,IB,IB,98,13
3169,IB,NW,98,4
3170,IB,N,98,1
3171,IB,B,98,2
3172,IB,C,98,7
3173,IB,E,98,5
3174,NW,IB,98,4
3175,NW,NW,98,9
3176,NW,N,98,2
3177,NW,B,98,1
3178,NW,C,98,5
3179,NW,E,98,6
3180,N,IB,98,1
3181,N,NW,98,2
3182,N,N,98,22
3183,N,B,98,10
3184,N,C,98,4
3185,N,E,98,6
3186,B,IB,98,2
3187,B,NW,98,1
3188,B,N,98,10
3189,B,B,98,14
3190,B,C,98,4
3191,B,E,98,8
3192,C,IB,98,7
3193,C,NW,98,5
3194,C,N,98,4
3195,C,B,98,4
3196,C,C,98,11
3197,C,E,98,11
3198,E,IB,98,5
3199,E,NW,98,6
3200,E,N,98,6
3201,E,B,98,8
3202,E,C,98,11
3203,E,E,98,13
3204,IB,IB,99,11
3205,IB,NW,99,0
3206,IB,N,99,1
3207,IB,B,99,1
3208,IB,C,99,3
3209,IB,E,99,3
3210,NW,IB,99,0
3211,NW,NW,99,11
3212,NW,N,99,1
3213,NW,B,99,3
3214,NW,C,99,4
3215,NW,E,99,3
3216,N,IB,99,1
3217,N,NW,99,1
3218,N,N,99,7
3219,N,B,99,5
3220,N,C,99,2
3221,N,E,99,1
3222,B,IB,99,1
3223,B,NW,99,3
3224,B,N,99,5
3225,B,B,99,9
3226,B,C,99,4
3227,B,E,99,5
3228,C,IB,99,3
3229,C,NW,99,4
3230,C,N,99,2
3231,C,B,99,4
3232,C,C,99,9
3233,C,E,99,6
3234,E,IB,99,3
3235,E,NW,99,3
3236,E,N,99,1
3237,E,B,99,5
3238,E,C,99,6
3239,E,E,99,8
3240,IB,IB,100,10
3241,IB,NW,100,2
3242,IB,N,100,3
3243,IB,B,100,2
3244,IB,C,100,2
3245,IB,E,100,4
3246,NW,IB,100,2
3247,NW,NW,100,12
3248,NW,N,100,3
3249,NW,B,100,3
3250,NW,C,100,5
3251,NW,E,100,6
3252,N,IB,100,3
3253,N,NW,100,3
3254,N,N,100,17
3255,N,B,100,10
3256,N,C,100,5
3257,N,E,100,6
3258,B,IB,100,2
3259,B,NW,100,3
3260,B,N,100,10
3261,B,B,100,11
3262,B,C,100,5
3263,B,E,100,5
3264,C,IB,100,2
3265,C,NW,100,5
3266,C,N,100,5
3267,C,B,100,5
3268,C,C,100,11
3269,C,E,100,7
3270,E,IB,100,4
3271,E,NW,100,6
3272,E,N,100,6
3273,E,B,100,5
3274,E,C,100,7
3275,E,E,100,13
3276,IB,IB,101,7
3277,IB,NW,101,2
3278,IB,N,101,0
3279,IB,B,101,2
3280,IB,C,101,2
3281,IB,E,101,4
3282,NW,IB,101,2
3283,NW,NW,101,8
3284,NW,N,101,1
3285,NW,B,101,2
3286,NW,C,101,1
3287,NW,E,101,3
3288,N,IB,101,0
3289,N,NW,101,1
3290,N,N,101,9
3291,N,B,101,3
3292,N,C,101,2
3293,N,E,101,3
3294,B,IB,101,2
3295,B,NW,101,2
3296,B,N,101,3
3297,B,B,101,8
3298,B,C,101,3
3299,B,E,101,8
3300,C,IB,101,2
3301,C,NW,101,1
3302,C,N,101,2
3303,C,B,101,3
3304,C,C,101,5
3305,C,E,101,6
3306,E,IB,101,4
3307,E,NW,101,3
3308,E,N,101,3
3309,E,B,101,8
3310,E,C,101,6
3311,E,E,101,11
3312,IB,IB,102,10
3313,IB,NW,102,5
3314,IB,N,102,2
3315,IB,B,102,6
3316,IB,C,102,7
3317,IB,E,102,9
3318,NW,IB,102,5
3319,NW,NW,102,16
3320,NW,N,102,2
3321,NW,B,102,6
3322,NW,C,102,7
3323,NW,E,102,10
3324,N,IB,102,2
3325,N,NW,102,2
3326,N,N,102,6
3327,N,B,102,5
3328,N,C,102,3
3329,N,E,102,3
3330,B,IB,102,6
3331,B,NW,102,6
3332,B,N,102,5
3333,B,B,102,11
3334,B,C,102,4
3335,B,E,102,10
3336,C,IB,102,7
3337,C,NW,102,7
3338,C,N,102,3
3339,C,B,102,4
3340,C,C,102,8
3341,C,E,102,9
3342,E,IB,102,9
3343,E,NW,102,10
3344,E,N,102,3
3345,E,B,102,10
3346,E,C,102,9
3347,E,E,102,14
3348,IB,IB,103,19
3349,IB,NW,103,7
3350,IB,N,103,4
3351,IB,B,103,7
3352,IB,C,103,12
3353,IB,E,103,9
3354,NW,IB,103,7
3355,NW,NW,103,14
3356,NW,N,103,3
3357,NW,B,103,8
3358,NW,C,103,10
3359,NW,E,103,9
3360,N,IB,103,4
3361,N,NW,103,3
3362,N,N,103,10
3363,N,B,103,8
3364,N,C,103,7
3365,N,E,103,8
3366,B,IB,103,7
3367,B,NW,103,8
3368,B,N,103,8
3369,B,B,103,10
3370,B,C,103,6
3371,B,E,103,10
3372,C,IB,103,12
3373,C,NW,103,10
3374,C,N,103,7
3375,C,B,103,6
3376,C,C,103,17
3377,C,E,103,15
3378,E,IB,103,9
3379,E,NW,103,9
3380,E,N,103,8
3381,E,B,103,10
3382,E,C,103,15
3383,E,E,103,12
3384,IB,IB,104,8
3385,IB,NW,104,2
3386,IB,N,104,0
3387,IB,B,104,0
3388,IB,C,104,2
3389,IB,E,104,0
3390,NW,IB,104,2
3391,NW,NW,104,10
3392,NW,N,104,0
3393,NW,B,104,1
3394,NW,C,104,3
3395,NW,E,104,3
3396,N,IB,104,0
3397,N,NW,104,0
3398,N,N,104,8
3399,N,B,104,8
3400,N,C,104,1
3401,N,E,104,1
3402,B,IB,104,0
3403,B,NW,104,1
3404,B,N,104,8
3405,B,B,104,15
3406,B,C,104,1
3407,B,E,104,5
3408,C,IB,104,2
3409,C,NW,104,3
3410,C,N,104,1
3411,C,B,104,1
3412,C,C,104,5
3413,C,E,104,3
3414,E,IB,104,0
3415,E,NW,104,3
3416,E,N,104,1
3417,E,B,104,5
3418,E,C,104,3
3419,E,E,104,8
3420,IB,IB,105,16
3421,IB,NW,105,4
3422,IB,N,105,3
3423,IB,B,105,4
3424,IB,C,105,9
3425,IB,E,105,7
3426,NW,IB,105,4
3427,NW,NW,105,8
3428,NW,N,105,2
3429,NW,B,105,2
3430,NW,C,105,4
3431,NW,E,105,4
3432,N,IB,105,3
3433,N,NW,105,2
3434,N,N,105,8
3435,N,B,105,6
3436,N,C,105,6
3437,N,E,105,6
3438,B,IB,105,4
3439,B,NW,105,2
3440,B,N,105,6
3441,B,B,105,7
3442,B,C,105,6
3443,B,E,105,8
3444,C,IB,105,9
3445,C,NW,105,4
3446,C,N,105,6
3447,C,B,105,6
3448,C,C,105,13
3449,C,E,105,9
3450,E,IB,105,7
3451,E,NW,105,4
3452,E,N,105,6
3453,E,B,105,8
3454,E,C,105,9
3455,E,E,105,12
3456,IB,IB,106,10
3457,IB,NW,106,3
3458,IB,N,106,0
3459,IB,B,106,1
3460,IB,C,106,2
3461,IB,E,106,2
3462,NW,IB,106,3
3463,NW,NW,106,7
3464,NW,N,106,3
3465,NW,B,106,3
3466,NW,C,106,4
3467,NW,E,106,4
3468,N,IB,106,0
3469,N,NW,106,3
3470,N,N,106,12
3471,N,B,106,9
3472,N,C,106,5
3473,N,E,106,10
3474,B,IB,106,1
3475,B,NW,106,3
3476,B,N,106,9
3477,B,B,106,16
3478,B,C,106,5
3479,B,E,106,12
3480,C,IB,106,2
3481,C,NW,106,4
3482,C,N,106,5
3483,C,B,106,5
3484,C,C,106,10
3485,C,E,106,9
3486,E,IB,106,2
3487,E,NW,106,4
3488,E,N,106,10
3489,E,B,106,12
3490,E,C,106,9
3491,E,E,106,14
3492,IB,IB,107,6
3493,IB,NW,107,3
3494,IB,N,107,0
3495,IB,B,107,2
3496,IB,C,107,5
3497,IB,E,107,4
3498,NW,IB,107,3
3499,NW,NW,107,12
3500,NW,N,107,3
3501,NW,B,107,3
3502,NW,C,107,6
3503,NW,E,107,5
3504,N,IB,107,0
3505,N,NW,107,3
3506,N,N,107,10
3507,N,B,107,4
3508,N,C,107,3
3509,N,E,107,5
3510,B,IB,107,2
3511,B,NW,107,3
3512,B,N,107,4
3513,B,B,107,8
3514,B,C,107,4
3515,B,E,107,5
3516,C,IB,107,5
3517,C,NW,107,6
3518,C,N,107,3
3519,C,B,107,4
3520,C,C,107,10
3521,C,E,107,6
3522,E,IB,107,4
3523,E,NW,107,5
3524,E,N,107,5
3525,E,B,107,5
3526,E,C,107,6
3527,E,E,107,9
3528,IB,IB,108,7
3529,IB,NW,108,1
3530,IB,N,108,0
3531,IB,B,108,1
3532,IB,C,108,4
3533,IB,E,108,4
3534,NW,IB,108,1
3535,NW,NW,108,9
3536,NW,N,108,2
3537,NW,B,108,2
3538,NW,C,108,3
3539,NW,E,108,3
3540,N,IB,108,0
3541,N,NW,108,2
3542,N,N,108,15
3543,N,B,108,5
3544,N,C,108,2
3545,N,E,108,4
3546,B,IB,108,1
3547,B,NW,108,2
3548,B,N,108,5
3549,B,B,108,8
3550,B,C,108,2
3551,B,E,108,5
3552,C,IB,108,4
3553,C,NW,108,3
3554,C,N,108,2
3555,C,B,108,2
3556,C,C,108,8
3557,C,E,108,6
3558,E,IB,108,4
3559,E,NW,108,3
3560,E,N,108,4
3561,E,B,108,5
3562,E,C,108,6
3563,E,E,108,11
3564,IB,IB,109,13
3565,IB,NW,109,4
3566,IB,N,109,0
3567,IB,B,109,1
3568,IB,C,109,5
3569,IB,E,109,3
3570,NW,IB,109,4
3571,NW,NW,109,16
3572,NW,N,109,1
3573,NW,B,109,2
3574,NW,C,109,9
3575,NW,E,109,6
3576,N,IB,109,0
3577,N,NW,109,1
3578,N,N,109,8
3579,N,B,109,5
3580,N,C,109,3
3581,N,E,109,3
3582,B,IB,109,1
3583,B,NW,109,2
3584,B,N,109,5
3585,B,B,109,7
3586,B,C,109,2
3587,B,E,109,3
3588,C,IB,109,5
3589,C,NW,109,9
3590,C,N,109,3
3591,C,B,109,2
3592,C,C,109,14
3593,C,E,109,9
3594,E,IB,109,3
3595,E,NW,109,6
3596,E,N,109,3
3597,E,B,109,3
3598,E,C,109,9
3599,E,E,109,11
3600,IB,IB,110,6
3601,IB,NW,110,5
3602,IB,N,110,1
3603,IB,B,110,1
3604,IB,C,110,4
3605,IB,E,110,2
3606,NW,IB,110,5
3607,NW,NW,110,11
3608,NW,N,110,2
3609,NW,B,110,2
3610,NW,C,110,7
3611,NW,E,110,4
3612,N,IB,110,1
3613,N,NW,110,2
3614,N,N,110,11
3615,N,B,110,8
3616,N,C,110,3
3617,N,E,110,7
3618,B,IB,110,1
3619,B,NW,110,2
3620,B,N,110,8
3621,B,B,110,12
3622,B,C,110,4
3623,B,E,110,10
3624,C,IB,110,4
3625,C,NW,110,7
3626,C,N,110,3
3627,C,B,110,4
3628,C,C,110,13
3629,C,E,110,7
3630,E,IB,110,2
3631,E,NW,110,4
3632,E,N,110,7
3633,E,B,110,10
3634,E,C,110,7
3635,E,E,110,10
3636,IB,IB,111,5
3637,IB,NW,111,0
3638,IB,N,111,1
3639,IB,B,111,5
3640,IB,C,111,3
3641,IB,E,111,1
3642,NW,IB,111,0
3643,NW,NW,111,11
3644,NW,N,111,3
3645,NW,B,111,2
3646,NW,C,111,4
3647,NW,E,111,4
3648,N,IB,111,1
3649,N,NW,111,3
3650,N,N,111,9
3651,N,B,111,5
3652,N,C,111,2
3653,N,E,111,2
3654,B,IB,111,5
3655,B,NW,111,2
3656,B,N,111,5
3657,B,B,111,9
3658,B,C,111,4
3659,B,E,111,5
3660,C,IB,111,3
3661,C,NW,111,4
3662,C,N,111,2
3663,C,B,111,4
3664,C,C,111,8
3665,C,E,111,3
3666,E,IB,111,1
3667,E,NW,111,4
3668,E,N,111,2
3669,E,B,111,5
3670,E,C,111,3
3671,E,E,111,7
3672,IB,IB,112,8
3673,IB,NW,112,1
3674,IB,N,112,0
3675,IB,B,112,1
3676,IB,C,112,4
3677,IB,E,112,3
3678,NW,IB,112,1
3679,NW,NW,112,5
3680,NW,N,112,0
3681,NW,B,112,0
3682,NW,C,112,1
3683,NW,E,112,0
3684,N,IB,112,0
3685,N,NW,112,0
3686,N,N,112,4
3687,N,B,112,3
3688,N,C,112,0
3689,N,E,112,1
3690,B,IB,112,1
3691,B,NW,112,0
3692,B,N,112,3
3693,B,B,112,6
3694,B,C,112,1
3695,B,E,112,2
3696,C,IB,112,4
3697,C,NW,112,1
3698,C,N,112,0
3699,C,B,112,1
3700,C,C,112,5
3701,C,E,112,2
3702,E,IB,112,3
3703,E,NW,112,0
3704,E,N,112,1
3705,E,B,112,2
3706,E,C,112,2
3707,E,E,112,6
3708,IB,IB,113,12
3709,IB,NW,113,3
3710,IB,N,113,2
3711,IB,B,113,3
3712,IB,C,113,4
3713,IB,E,113,5
3714,NW,IB,113,3
3715,NW,NW,113,7
3716,NW,N,113,4
3717,NW,B,113,5
3718,NW,C,113,5
3719,NW,E,113,5
3720,N,IB,113,2
3721,N,NW,113,4
3722,N,N,113,8
3723,N,B,113,7
3724,N,C,113,2
3725,N,E,113,3
3726,B,IB,113,3
3727,B,NW,113,5
3728,B,N,113,7
3729,B,B,113,14
3730,B,C,113,7
3731,B,E,113,10
3732,C,IB,113,4
3733,C,NW,113,5
3734,C,N,113,2
3735,C,B,113,7
3736,C,C,113,10
3737,C,E,113,9
3738,E,IB,113,5
3739,E,NW,113,5
3740,E,N,113,3
3741,E,B,113,10
3742,E,C,113,9
3743,E,E,113,11
3744,IB,IB,114,8
3745,IB,NW,114,1
3746,IB,N,114,0
3747,IB,B,114,1
3748,IB,C,114,2
3749,IB,E,114,3
3750,NW,IB,114,1
3751,NW,NW,114,12
3752,NW,N,114,1
3753,NW,B,114,4
3754,NW,C,114,8
3755,NW,E,114,6
3756,N,IB,114,0
3757,N,NW,114,1
3758,N,N,114,5
3759,N,B,114,2
3760,N,C,114,0
3761,N,E,114,2
3762,B,IB,114,1
3763,B,NW,114,4
3764,B,N,114,2
3765,B,B,114,7
3766,B,C,114,6
3767,B,E,114,7
3768,C,IB,114,2
3769,C,NW,114,8
3770,C,N,114,0
3771,C,B,114,6
3772,C,C,114,12
3773,C,E,114,7
3774,E,IB,114,3
3775,E,NW,114,6
3776,E,N,114,2
3777,E,B,114,7
3778,E,C,114,7
3779,E,E,114,12
3780,IB,IB,115,10
3781,IB,NW,115,1
3782,IB,N,115,0
3783,IB,B,115,0
3784,IB,C,115,3
3785,IB,E,115,1
3786,NW,IB,115,1
3787,NW,NW,115,8
3788,NW,N,115,2
3789,NW,B,115,2
3790,NW,C,115,5
3791,NW,E,115,3
3792,N,IB,115,0
3793,N,NW,115,2
3794,N,N,115,6
3795,N,B,115,6
3796,N,C,115,3
3797,N,E,115,3
3798,B,IB,115,0
3799,B,NW,115,2
3800,B,N,115,6
3801,B,B,115,8
3802,B,C,115,2
3803,B,E,115,4
3804,C,IB,115,3
3805,C,NW,115,5
3806,C,N,115,3
3807,C,B,115,2
3808,C,C,115,8
3809,C,E,115,6
3810,E,IB,115,1
3811,E,NW,115,3
3812,E,N,115,3
3813,E,B,115,4
3814,E,C,115,6
3815,E,E,115,8
3816,IB,IB,116,11
3817,IB,NW,116,3
3818,IB,N,116,1
3819,IB,B,116,2
3820,IB,C,116,3
3821,IB,E,116,3
3822,NW,IB,116,3
3823,NW,NW,116,9
3824,NW,N,116,2
3825,NW,B,116,1
3826,NW,C,116,4
3827,NW,E,116,4
3828,N,IB,116,1
3829,N,NW,116,2
3830,N,N,116,10
3831,N,B,116,6
3832,N,C,116,1
3833,N,E,116,4
3834,B,IB,116,2
3835,B,NW,116,1
3836,B,N,116,6
3837,B,B,116,12
3838,B,C,116,2
3839,B,E,116,5
3840,C,IB,116,3
3841,C,NW,116,4
3842,C,N,116,1
3843,C,B,116,2
3844,C,C,116,6
3845,C,E,116,4
3846,E,IB,116,3
3847,E,NW,116,4
3848,E,N,116,4
3849,E,B,116,5
3850,E,C,116,4
3851,E,E,116,8
3852,IB,IB,117,8
3853,IB,NW,117,0
3854,IB,N,117,1
3855,IB,B,117,2
3856,IB,C,117,3
3857,IB,E,117,2
3858,NW,IB,117,0
3859,NW,NW,117,6
3860,NW,N,117,1
3861,NW,B,117,1
3862,NW,C,117,2
3863,NW,E,117,2
3864,N,IB,117,1
3865,N,NW,117,1
3866,N,N,117,7
3867,N,B,117,4
3868,N,C,117,2
3869,N,E,117,1
3870,B,IB,117,2
3871,B,NW,117,1
3872,B,N,117,4
3873,B,B,117,9
3874,B,C,117,2
3875,B,E,117,3
3876,C,IB,117,3
3877,C,NW,117,2
3878,C,N,117,2
3879,C,B,117,2
3880,C,C,117,6
3881,C,E,117,4
3882,E,IB,117,2
3883,E,NW,117,2
3884,E,N,117,1
3885,E,B,117,3
3886,E,C,117,4
3887,E,E,117,5
3888,IB,IB,118,7
3889,IB,NW,118,2
3890,IB,N,118,1
3891,IB,B,118,1
3892,IB,C,118,4
3893,IB,E,118,5
3894,NW,IB,118,2
3895,NW,NW,118,11
3896,NW,N,118,2
3897,NW,B,118,1
3898,NW,C,118,6
3899,NW,E,118,4
3900,N,IB,118,1
3901,N,NW,118,2
3902,N,N,118,16
3903,N,B,118,6
3904,N,C,118,4
3905,N,E,118,4
3906,B,IB,118,1
3907,B,NW,118,1
3908,B,N,118,6
3909,B,B,118,9
3910,B,C,118,5
3911,B,E,118,6
3912,C,IB,118,4
3913,C,NW,118,6
3914,C,N,118,4
3915,C,B,118,5
3916,C,C,118,10
3917,C,E,118,10
3918,E,IB,118,5
3919,E,NW,118,4
3920,E,N,118,4
3921,E,B,118,6
3922,E,C,118,10
3923,E,E,118,14
3924,IB,IB,119,11
3925,IB,NW,119,2
3926,IB,N,119,0
3927,IB,B,119,0
3928,IB,C,119,2
3929,IB,E,119,1
3930,NW,IB,119,2
3931,NW,NW,119,9
3932,NW,N,119,0
3933,NW,B,119,0
3934,NW,C,119,4
3935,NW,E,119,2
3936,N,IB,119,0
3937,N,NW,119,0
3938,N,N,119,2
3939,N,B,119,2
3940,N,C,119,1
3941,N,E,119,1
3942,B,IB,119,0
3943,B,NW,119,0
3944,B,N,119,2
3945,B,B,119,5
3946,B,C,119,3
3947,B,E,119,2
3948,C,IB,119,2
3949,C,NW,119,4
3950,C,N,119,1
3951,C,B,119,3
3952,C,C,119,11
3953,C,E,119,7
3954,E,IB,119,1
3955,E,NW,119,2
3956,E,N,119,1
3957,E,B,119,2
3958,E,C,119,7
3959,E,E,119,9
3960,IB,IB,120,7
3961,IB,NW,120,1
3962,IB,N,120,1
3963,IB,B,120,1
3964,IB,C,120,4
3965,IB,E,120,2
3966,NW,IB,120,1
3967,NW,NW,120,11
3968,NW,N,120,1
3969,NW,B,120,2
3970,NW,C,120,5
3971,NW,E,120,2
3972,N,IB,120,1
3973,N,NW,120,1
3974,N,N,120,9
3975,N,B,120,1
3976,N,C,120,2
3977,N,E,120,3
3978,B,IB,120,1
3979,B,NW,120,2
3980,B,N,120,1
3981,B,B,120,4
3982,B,C,120,3
3983,B,E,120,2
3984,C,IB,120,4
3985,C,NW,120,5
3986,C,N,120,2
3987,C,B,120,3
3988,C,C,120,9
3989,C,E,120,5
3990,E,IB,120,2
3991,E,NW,120,2
3992,E,N,120,3
3993,E,B,120,2
3994,E,C,120,5
3995,E,E,120,9
3996,IB,IB,121,6
3997,IB,NW,121,3
3998,IB,N,121,0
3999,IB,B,121,1
4000,IB,C,121,1
4001,IB,E,121,2
4002,NW,IB,121,3
4003,NW,NW,121,10
4004,NW,N,121,1
4005,NW,B,121,3
4006,NW,C,121,6
4007,NW,E,121,5
4008,N,IB,121,0
4009,N,NW,121,1
4010,N,N,121,3
4011,N,B,121,1
4012,N,C,121,2
4013,N,E,121,3
4014,B,IB,121,1
4015,B,NW,121,3
4016,B,N,121,1
4017,B,B,121,14
4018,B,C,121,6
4019,B,E,121,8
4020,C,IB,121,1
4021,C,NW,121,6
4022,C,N,121,2
4023,C,B,121,6
4024,C,C,121,10
4025,C,E,121,7
4026,E,IB,121,2
4027,E,NW,121,5
4028,E,N,121,3
4029,E,B,121,8
4030,E,C,121,7
4031,E,E,121,11
4032,IB,IB,122,9
4033,IB,NW,122,3
4034,IB,N,122,0
4035,IB,B,122,0
4036,IB,C,122,5
4037,IB,E,122,2
4038,NW,IB,122,3
4039,NW,NW,122,5
4040,NW,N,122,1
4041,NW,B,122,1
4042,NW,C,122,6
4043,NW,E,122,2
4044,N,IB,122,0
4045,N,NW,122,1
4046,N,N,122,7
4047,N,B,122,4
4048,N,C,122,1
4049,N,E,122,2
4050,B,IB,122,0
4051,B,NW,122,1
4052,B,N,122,4
4053,B,B,122,7
4054,B,C,122,1
4055,B,E,122,2
4056,C,IB,122,5
4057,C,NW,122,6
4058,C,N,122,1
4059,C,B,122,1
4060,C,C,122,8
4061,C,E,122,2
4062,E,IB,122,2
4063,E,NW,122,2
4064,E,N,122,2
4065,E,B,122,2
4066,E,C,122,2
4067,E,E,122,4
4068,IB,IB,123,11
4069,IB,NW,123,2
4070,IB,N,123,0
4071,IB,B,123,2
4072,IB,C,123,6
4073,IB,E,123,2
4074,NW,IB,123,2
4075,NW,NW,123,9
4076,NW,N,123,0
4077,NW,B,123,0
4078,NW,C,123,2
4079,NW,E,123,1
4080,N,IB,123,0
4081,N,NW,123,0
4082,N,N,123,2
4083,N,B,123,0
4084,N,C,123,0
4085,N,E,123,0
4086,B,IB,123,2
4087,B,NW,123,0
4088,B,N,123,0
4089,B,B,123,4
4090,B,C,123,3
4091,B,E,123,4
4092,C,IB,123,6
4093,C,NW,123,2
4094,C,N,123,0
4095,C,B,123,3
4096,C,C,123,8
4097,C,E,123,3
4098,E,IB,123,2
4099,E,NW,123,1
4100,E,N,123,0
4101,E,B,123,4
4102,E,C,123,3
4103,E,E,123,9
4104,IB,IB,124,8
4105,IB,NW,124,2
4106,IB,N,124,0
4107,IB,B,124,0
4108,IB,C,124,4
4109,IB,E,124,0
4110,NW,IB,124,2
4111,NW,NW,124,12
4112,NW,N,124,2
4113,NW,B,124,0
4114,NW,C,124,3
4115,NW,E,124,1
4116,N,IB,124,0
4117,N,NW,124,2
4118,N,N,124,11
4119,N,B,124,4
4120,N,C,124,1
4121,N,E,124,3
4122,B,IB,124,0
4123,B,NW,124,0
4124,B,N,124,4
4125,B,B,124,9
4126,B,C,124,1
4127,B,E,124,6
4128,C,IB,124,4
4129,C,NW,124,3
4130,C,N,124,1
4131,C,B,124,1
4132,C,C,124,5
4133,C,E,124,0
4134,E,IB,124,0
4135,E,NW,124,1
4136,E,N,124,3
4137,E,B,124,6
4138,E,C,124,0
4139,E,E,124,10
4140,IB,IB,125,11
4141,IB,NW,125,2
4142,IB,N,125,0
4143,IB,B,125,0
4144,IB,C,125,2
4145,IB,E,125,1
4146,NW,IB,125,2
4147,NW,NW,125,11
4148,NW,N,125,5
4149,NW,B,125,5
4150,NW,C,125,8
4151,NW,E,125,7
4152,N,IB,125,0
4153,N,NW,125,5
4154,N,N,125,17
4155,N,B,125,12
4156,N,C,125,6
4157,N,E,125,7
4158,B,IB,125,0
4159,B,NW,125,5
4160,B,N,125,12
4161,B,B,125,15
4162,B,C,125,8
4163,B,E,125,12
4164,C,IB,125,2
4165,C,NW,125,8
4166,C,N,125,6
4167,C,B,125,8
4168,C,C,125,13
4169,C,E,125,11
4170,E,IB,125,1
4171,E,NW,125,7
4172,E,N,125,7
4173,E,B,125,12
4174,E,C,125,11
4175,E,E,125,13
4176,IB,IB,126,12
4177,IB,NW,126,1
4178,IB,N,126,0
4179,IB,B,126,2
4180,IB,C,126,7
4181,IB,E,126,2
4182,NW,IB,126,1
4183,NW,NW,126,6
4184,NW,N,126,2
4185,NW,B,126,1
4186,NW,C,126,3
4187,NW,E,126,1
4188,N,IB,126,0
4189,N,NW,126,2
4190,N,N,126,6
4191,N,B,126,5
4192,N,C,126,4
4193,N,E,126,2
4194,B,IB,126,2
4195,B,NW,126,1
4196,B,N,126,5
4197,B,B,126,13
4198,B,C,126,7
4199,B,E,126,4
4200,C,IB,126,7
4201,C,NW,126,3
4202,C,N,126,4
4203,C,B,126,7
4204,C,C,126,12
4205,C,E,126,8
4206,E,IB,126,2
4207,E,NW,126,1
4208,E,N,126,2
4209,E,B,126,4
4210,E,C,126,8
4211,E,E,126,8
4212,IB,IB,127,4
4213,IB,NW,127,2
4214,IB,N,127,0
4215,IB,B,127,0
4216,IB,C,127,2
4217,IB,E,127,0
4218,NW,IB,127,2
4219,NW,NW,127,10
4220,NW,N,127,2
4221,NW,B,127,4
4222,NW,C,127,2
4223,NW,E,127,3
4224,N,IB,127,0
4225,N,NW,127,2
4226,N,N,127,7
4227,N,B,127,4
4228,N,C,127,3
4229,N,E,127,4
4230,B,IB,127,0
4231,B,NW,127,4
4232,B,N,127,4
4233,B,B,127,8
4234,B,C,127,5
4235,B,E,127,5
4236,C,IB,127,2
4237,C,NW,127,2
4238,C,N,127,3
4239,C,B,127,5
4240,C,C,127,7
4241,C,E,127,3
4242,E,IB,127,0
4243,E,NW,127,3
4244,E,N,127,4
4245,E,B,127,5
4246,E,C,127,3
4247,E,E,127,6
4248,IB,IB,128,10
4249,IB,NW,128,2
4250,IB,N,128,2
4251,IB,B,128,2
4252,IB,C,128,6
4253,IB,E,128,2
4254,NW,IB,128,2
4255,NW,NW,128,8
4256,NW,N,128,2
4257,NW,B,128,4
4258,NW,C,128,7
4259,NW,E,128,6
4260,N,IB,128,2
4261,N,NW,128,2
4262,N,N,128,10
4263,N,B,128,3
4264,N,C,128,4
4265,N,E,128,4
4266,B,IB,128,2
4267,B,NW,128,4
4268,B,N,128,3
4269,B,B,128,10
4270,B,C,128,5
4271,B,E,128,9
4272,C,IB,128,6
4273,C,NW,128,7
4274,C,N,128,4
4275,C,B,128,5
4276,C,C,128,12
4277,C,E,128,10
4278,E,IB,128,2
4279,E,NW,128,6
4280,E,N,128,4
4281,E,B,128,9
4282,E,C,128,10
4283,E,E,128,11
4284,IB,IB,129,12
4285,IB,NW,129,0
4286,IB,N,129,0
4287,IB,B,129,1
4288,IB,C,129,2
4289,IB,E,129,2
4290,NW,IB,129,0
4291,NW,NW,129,11
4292,NW,N,129,3
4293,NW,B,129,2
4294,NW,C,129,6
4295,NW,E,129,5
4296,N,IB,129,0
4297,N,NW,129,3
4298,N,N,129,6
4299,N,B,129,3
4300,N,C,129,3
4301,N,E,129,6
4302,B,IB,129,1
4303,B,NW,129,2
4304,B,N,129,3
4305,B,B,129,8
4306,B,C,129,5
4307,B,E,129,7
4308,C,IB,129,2
4309,C,NW,129,6
4310,C,N,129,3
4311,C,B,129,5
4312,C,C,129,10
4313,C,E,129,6
4314,E,IB,129,2
4315,E,NW,129,5
4316,E,N,129,6
4317,E,B,129,7
4318,E,C,129,6
4319,E,E,129,14
4320,IB,IB,130,10
4321,IB,NW,130,3
4322,IB,N,130,0
4323,IB,B,130,2
4324,IB,C,130,5
4325,IB,E,130,4
4326,NW,IB,130,3
4327,NW,NW,130,8
4328,NW,N,130,1
4329,NW,B,130,4
4330,NW,C,130,3
4331,NW,E,130,7
4332,N,IB,130,0
4333,N,NW,130,1
4334,N,N,130,6
4335,N,B,130,4
4336,N,C,130,2
4337,N,E,130,1
4338,B,IB,130,2
4339,B,NW,130,4
4340,B,N,130,4
4341,B,B,130,9
4342,B,C,130,4
4343,B,E,130,9
4344,C,IB,130,5
4345,C,NW,130,3
4346,C,N,130,2
4347,C,B,130,4
4348,C,C,130,7
4349,C,E,130,5
4350,E,IB,130,4
4351,E,NW,130,7
4352,E,N,130,1
4353,E,B,130,9
4354,E,C,130,5
4355,E,E,130,13
4356,IB,IB,131,13
4357,IB,NW,131,2
4358,IB,N,131,0
4359,IB,B,131,3
4360,IB,C,131,7
4361,IB,E,131,3
4362,NW,IB,131,2
4363,NW,NW,131,9
4364,NW,N,131,1
4365,NW,B,131,2
4366,NW,C,131,3
4367,NW,E,131,3
4368,N,IB,131,0
4369,N,NW,131,1
4370,N,N,131,4
4371,N,B,131,4
4372,N,C,131,0
4373,N,E,131,3
4374,B,IB,131,3
4375,B,NW,131,2
4376,B,N,131,4
4377,B,B,131,12
4378,B,C,131,1
4379,B,E,131,4
4380,C,IB,131,7
4381,C,NW,131,3
4382,C,N,131,0
4383,C,B,131,1
4384,C,C,131,11
4385,C,E,131,6
4386,E,IB,131,3
4387,E,NW,131,3
4388,E,N,131,3
4389,E,B,131,4
4390,E,C,131,6
4391,E,E,131,12
4392,IB,IB,132,10
4393,IB,NW,132,4
4394,IB,N,132,1
4395,IB,B,132,4
4396,IB,C,132,9
4397,IB,E,132,3
4398,NW,IB,132,4
4399,NW,NW,132,9
4400,NW,N,132,1
4401,NW,B,132,1
4402,NW,C,132,7
4403,NW,E,132,3
4404,N,IB,132,1
4405,N,NW,132,1
4406,N,N,132,7
4407,N,B,132,5
4408,N,C,132,1
4409,N,E,132,4
4410,B,IB,132,4
4411,B,NW,132,1
4412,B,N,132,5
4413,B,B,132,7
4414,B,C,132,3
4415,B,E,132,6
4416,C,IB,132,9
4417,C,NW,132,7
4418,C,N,132,1
4419,C,B,132,3
4420,C,C,132,13
4421,C,E,132,7
4422,E,IB,132,3
4423,E,NW,132,3
4424,E,N,132,4
4425,E,B,132,6
4426,E,C,132,7
4427,E,E,132,12
4428,IB,IB,133,12
4429,IB,NW,133,1
4430,IB,N,133,1
4431,IB,B,133,2
4432,IB,C,133,2
4433,IB,E,133,1
4434,NW,IB,133,1
4435,NW,NW,133,6
4436,NW,N,133,3
4437,NW,B,133,2
4438,NW,C,133,1
4439,NW,E,133,5
4440,N,IB,133,1
4441,N,NW,133,3
4442,N,N,133,5
4443,N,B,133,2
4444,N,C,133,4
4445,N,E,133,4
4446,B,IB,133,2
4447,B,NW,133,2
4448,B,N,133,2
4449,B,B,133,10
4450,B,C,133,2
4451,B,E,133,5
4452,C,IB,133,2
4453,C,NW,133,1
4454,C,N,133,4
4455,C,B,133,2
4456,C,C,133,7
4457,C,E,133,4
4458,E,IB,133,1
4459,E,NW,133,5
4460,E,N,133,4
4461,E,B,133,5
4462,E,C,133,4
4463,E,E,133,8
4464,IB,IB,134,8
4465,IB,NW,134,1
4466,IB,N,134,3
4467,IB,B,134,3
4468,IB,C,134,5
4469,IB,E,134,2
4470,NW,IB,134,1
4471,NW,NW,134,9
4472,NW,N,134,3
4473,NW,B,134,2
4474,NW,C,134,1
4475,NW,E,134,1
4476,N,IB,134,3
4477,N,NW,134,3
4478,N,N,134,8
4479,N,B,134,4
4480,N,C,134,4
4481,N,E,134,4
4482,B,IB,134,3
4483,B,NW,134,2
4484,B,N,134,4
4485,B,B,134,7
4486,B,C,134,3
4487,B,E,134,5
4488,C,IB,134,5
4489,C,NW,134,1
4490,C,N,134,4
4491,C,B,134,3
4492,C,C,134,7
4493,C,E,134,3
4494,E,IB,134,2
4495,E,NW,134,1
4496,E,N,134,4
4497,E,B,134,5
4498,E,C,134,3
4499,E,E,134,5
4500,IB,IB,135,9
4501,IB,NW,135,0
4502,IB,N,135,0
4503,IB,B,135,0
4504,IB,C,135,1
4505,IB,E,135,0
4506,NW,IB,135,0
4507,NW,NW,135,12
4508,NW,N,135,3
4509,NW,B,135,4
4510,NW,C,135,4
4511,NW,E,135,4
4512,N,IB,135,0
4513,N,NW,135,3
4514,N,N,135,11
4515,N,B,135,8
4516,N,C,135,1
4517,N,E,135,3
4518,B,IB,135,0
4519,B,NW,135,4
4520,B,N,135,8
4521,B,B,135,13
4522,B,C,135,5
4523,B,E,135,4
4524,C,IB,135,1
4525,C,NW,135,4
4526,C,N,135,1
4527,C,B,135,5
4528,C,C,135,8
4529,C,E,135,4
4530,E,IB,135,0
4531,E,NW,135,4
4532,E,N,135,3
4533,E,B,135,4
4534,E,C,135,4
4535,E,E,135,7
4536,IB,IB,136,12
4537,IB,NW,136,3
4538,IB,N,136,2
4539,IB,B,136,3
4540,IB,C,136,3
4541,IB,E,136,3
4542,NW,IB,136,3
4543,NW,NW,136,7
4544,NW,N,136,3
4545,NW,B,136,3
4546,NW,C,136,3
4547,NW,E,136,5
4548,N,IB,136,2
4549,N,NW,136,3
4550,N,N,136,13
4551,N,B,136,6
4552,N,C,136,4
4553,N,E,136,5
4554,B,IB,136,3
4555,B,NW,136,3
4556,B,N,136,6
4557,B,B,136,9
4558,B,C,136,3
4559,B,E,136,6
4560,C,IB,136,3
4561,C,NW,136,3
4562,C,N,136,4
4563,C,B,136,3
4564,C,C,136,4
4565,C,E,136,4
4566,E,IB,136,3
4567,E,NW,136,5
4568,E,N,136,5
4569,E,B,136,6
4570,E,C,136,4
4571,E,E,136,10
4572,IB,IB,137,13
4573,IB,NW,137,5
4574,IB,N,137,0
4575,IB,B,137,3
4576,IB,C,137,5
4577,IB,E,137,3
4578,NW,IB,137,5
4579,NW,NW,137,13
4580,NW,N,137,2
4581,NW,B,137,4
4582,NW,C,137,8
4583,NW,E,137,8
4584,N,IB,137,0
4585,N,NW,137,2
4586,N,N,137,8
4587,N,B,137,7
4588,N,C,137,3
4589,N,E,137,4
4590,B,IB,137,3
4591,B,NW,137,4
4592,B,N,137,7
4593,B,B,137,13
4594,B,C,137,8
4595,B,E,137,9
4596,C,IB,137,5
4597,C,NW,137,8
4598,C,N,137,3
4599,C,B,137,8
4600,C,C,137,14
4601,C,E,137,12
4602,E,IB,137,3
4603,E,NW,137,8
4604,E,N,137,4
4605,E,B,137,9
4606,E,C,137,12
4607,E,E,137,15
4608,IB,IB,138,9
4609,IB,NW,138,2
4610,IB,N,138,0
4611,IB,B,138,2
4612,IB,C,138,3
4613,IB,E,138,4
4614,NW,IB,138,2
4615,NW,NW,138,8
4616,NW,N,138,0
4617,NW,B,138,1
4618,NW,C,138,3
4619,NW,E,138,2
4620,N,IB,138,0
4621,N,NW,138,0
4622,N,N,138,10
4623,N,B,138,10
4624,N,C,138,3
4625,N,E,138,6
4626,B,IB,138,2
4627,B,NW,138,1
4628,B,N,138,10
4629,B,B,138,14
4630,B,C,138,4
4631,B,E,138,13
4632,C,IB,138,3
4633,C,NW,138,3
4634,C,N,138,3
4635,C,B,138,4
4636,C,C,138,10
4637,C,E,138,6
4638,E,IB,138,4
4639,E,NW,138,2
4640,E,N,138,6
4641,E,B,138,13
4642,E,C,138,6
4643,E,E,138,12
4644,IB,IB,139,11
4645,IB,NW,139,5
4646,IB,N,139,0
4647,IB,B,139,1
4648,IB,C,139,3
4649,IB,E,139,1
4650,NW,IB,139,5
4651,NW,NW,139,10
4652,NW,N,139,0
4653,NW,B,139,1
4654,NW,C,139,3
4655,NW,E,139,2
4656,N,IB,139,0
4657,N,NW,139,0
4658,N,N,139,3
4659,N,B,139,2
4660,N,C,139,0
4661,N,E,139,0
4662,B,IB,139,1
4663,B,NW,139,1
4664,B,N,139,2
4665,B,B,139,7
4666,B,C,139,1
4667,B,E,139,2
4668,C,IB,139,3
4669,C,NW,139,3
4670,C,N,139,0
4671,C,B,139,1
4672,C,C,139,6
4673,C,E,139,4
4674,E,IB,139,1
4675,E,NW,139,2
4676,E,N,139,0
4677,E,B,139,2
4678,E,C,139,4
4679,E,E,139,7
4680,IB,IB,140,8
4681,IB,NW,140,1
4682,IB,N,140,1
4683,IB,B,140,1
4684,IB,C,140,1
4685,IB,E,140,3
4686,NW,IB,140,1
4687,NW,NW,140,10
4688,NW,N,140,3
4689,NW,B,140,4
4690,NW,C,140,6
4691,NW,E,140,7
4692,N,IB,140,1
4693,N,NW,140,3
4694,N,N,140,12
4695,N,B,140,12
4696,N,C,140,7
4697,N,E,140,9
4698,B,IB,140,1
4699,B,NW,140,4
4700,B,N,140,12
4701,B,B,140,19
4702,B,C,140,11
4703,B,E,140,17
4704,C,IB,140,1
4705,C,NW,140,6
4706,C,N,140,7
4707,C,B,140,11
4708,C,C,140,12
4709,C,E,140,8
4710,E,IB,140,3
4711,E,NW,140,7
4712,E,N,140,9
4713,E,B,140,17
4714,E,C,140,8
4715,E,E,140,16
4716,IB,IB,141,14
4717,IB,NW,141,1
4718,IB,N,141,0
4719,IB,B,141,1
4720,IB,C,141,3
4721,IB,E,141,0
4722,NW,IB,141,1
4723,NW,NW,141,12
4724,NW,N,141,1
4725,NW,B,141,1
4726,NW,C,141,6
4727,NW,E,141,5
4728,N,IB,141,0
4729,N,NW,141,1
4730,N,N,141,13
4731,N,B,141,10
4732,N,C,141,2
4733,N,E,141,3
4734,B,IB,141,1
4735,B,NW,141,1
4736,B,N,141,10
4737,B,B,141,12
4738,B,C,141,1
4739,B,E,141,2
4740,C,IB,141,3
4741,C,NW,141,6
4742,C,N,141,2
4743,C,B,141,1
4744,C,C,141,10
4745,C,E,141,6
4746,E,IB,141,0
4747,E,NW,141,5
4748,E,N,141,3
4749,E,B,141,2
4750,E,C,141,6
4751,E,E,141,8
4752,IB,IB,142,8
4753,IB,NW,142,3
4754,IB,N,142,0
4755,IB,B,142,2
4756,IB,C,142,4
4757,IB,E,142,2
4758,NW,IB,142,3
4759,NW,NW,142,14
4760,NW,N,142,2
4761,NW,B,142,4
4762,NW,C,142,8
4763,NW,E,142,7
4764,N,IB,142,0
4765,N,NW,142,2
4766,N,N,142,13
4767,N,B,142,12
4768,N,C,142,6
4769,N,E,142,9
4770,B,IB,142,2
4771,B,NW,142,4
4772,B,N,142,12
4773,B,B,142,15
4774,B,C,142,8
4775,B,E,142,9
4776,C,IB,142,4
4777,C,NW,142,8
4778,C,N,142,6
4779,C,B,142,8
4780,C,C,142,13
4781,C,E,142,10
4782,E,IB,142,2
4783,E,NW,142,7
4784,E,N,142,9
4785,E,B,142,9
4786,E,C,142,10
4787,E,E,142,13
4788,IB,IB,143,11
4789,IB,NW,143,3
4790,IB,N,143,3
4791,IB,B,143,3
4792,IB,C,143,3
4793,IB,E,143,5
4794,NW,IB,143,3
4795,NW,NW,143,8
4796,NW,N,143,2
4797,NW,B,143,3
4798,NW,C,143,3
4799,NW,E,143,2
4800,N,IB,143,3
4801,N,NW,143,2
4802,N,N,143,19
4803,N,B,143,12
4804,N,C,143,2
4805,N,E,143,5
4806,B,IB,143,3
4807,B,NW,143,3
4808,B,N,143,12
4809,B,B,143,20
4810,B,C,143,5
4811,B,E,143,6
4812,C,IB,143,3
4813,C,NW,143,3
4814,C,N,143,2
4815,C,B,143,5
4816,C,C,143,6
4817,C,E,143,7
4818,E,IB,143,5
4819,E,NW,143,2
4820,E,N,143,5
4821,E,B,143,6
4822,E,C,143,7
4823,E,E,143,9
4824,IB,IB,144,17
4825,IB,NW,144,6
4826,IB,N,144,3
4827,IB,B,144,6
4828,IB,C,144,10
4829,IB,E,144,9
4830,NW,IB,144,6
4831,NW,NW,144,15
4832,NW,N,144,9
4833,NW,B,144,9
4834,NW,C,144,13
4835,NW,E,144,13
4836,N,IB,144,3
4837,N,NW,144,9
4838,N,N,144,21
4839,N,B,144,14
4840,N,C,144,15
4841,N,E,144,10
4842,B,IB,144,6
4843,B,NW,144,9
4844,B,N,144,14
4845,B,B,144,19
4846,B,C,144,10
4847,B,E,144,13
4848,C,IB,144,10
4849,C,NW,144,13
4850,C,N,144,15
4851,C,B,144,10
4852,C,C,144,21
4853,C,E,144,18
4854,E,IB,144,9
4855,E,NW,144,13
4856,E,N,144,10
4857,E,B,144,13
4858,E,C,144,18
4859,E,E,144,18
4860,IB,IB,145,14
4861,IB,NW,145,3
4862,IB,N,145,0
4863,IB,B,145,0
4864,IB,C,145,7
4865,IB,E,145,2
4866,NW,IB,145,3
4867,NW,NW,145,14
4868,NW,N,145,10
4869,NW,B,145,5
4870,NW,C,145,10
4871,NW,E,145,10
4872,N,IB,145,0
4873,N,NW,145,10
4874,N,N,145,18
4875,N,B,145,6
4876,N,C,145,8
4877,N,E,145,5
4878,B,IB,145,0
4879,B,NW,145,5
4880,B,N,145,6
4881,B,B,145,9
4882,B,C,145,4
4883,B,E,145,5
4884,C,IB,145,7
4885,C,NW,145,10
4886,C,N,145,8
4887,C,B,145,4
4888,C,C,145,15
4889,C,E,145,10
4890,E,IB,145,2
4891,E,NW,145,10
4892,E,N,145,5
4893,E,B,145,5
4894,E,C,145,10
4895,E,E,145,16
4896,IB,IB,146,13
4897,IB,NW,146,5
4898,IB,N,146,2
4899,IB,B,146,4
4900,IB,C,146,11
4901,IB,E,146,3
4902,NW,IB,146,5
4903,NW,NW,146,13
4904,NW,N,146,2
4905,NW,B,146,3
4906,NW,C,146,13
4907,NW,E,146,5
4908,N,IB,146,2
4909,N,NW,146,2
4910,N,N,146,23
4911,N,B,146,13
4912,N,C,146,7
4913,N,E,146,6
4914,B,IB,146,4
4915,B,NW,146,3
4916,B,N,146,13
4917,B,B,146,18
4918,B,C,146,10
4919,B,E,146,9
4920,C,IB,146,11
4921,C,NW,146,13
4922,C,N,146,7
4923,C,B,146,10
4924,C,C,146,25
4925,C,E,146,13
4926,E,IB,146,3
4927,E,NW,146,5
4928,E,N,146,6
4929,E,B,146,9
4930,E,C,146,13
4931,E,E,146,15
4932,IB,IB,147,9
4933,IB,NW,147,1
4934,IB,N,147,3
4935,IB,B,147,7
4936,IB,C,147,6
4937,IB,E,147,4
4938,NW,IB,147,1
4939,NW,NW,147,8
4940,NW,N,147,3
4941,NW,B,147,4
4942,NW,C,147,5
4943,NW,E,147,5
4944,N,IB,147,3
4945,N,NW,147,3
4946,N,N,147,21
4947,N,B,147,14
4948,N,C,147,12
4949,N,E,147,10
4950,B,IB,147,7
4951,B,NW,147,4
4952,B,N,147,14
4953,B,B,147,20
4954,B,C,147,15
4955,B,E,147,16
4956,C,IB,147,6
4957,C,NW,147,5
4958,C,N,147,12
4959,C,B,147,15
4960,C,C,147,11
4961,C,E,147,12
4962,E,IB,147,4
4963,E,NW,147,5
4964,E,N,147,10
4965,E,B,147,16
4966,E,C,147,12
4967,E,E,147,15
4968,IB,IB,148,10
4969,IB,NW,148,1
4970,IB,N,148,1
4971,IB,B,148,1
4972,IB,C,148,3
4973,IB,E,148,1
4974,NW,IB,148,1
4975,NW,NW,148,14
4976,NW,N,148,1
4977,NW,B,148,2
4978,NW,C,148,8
4979,NW,E,148,3
4980,N,IB,148,1
4981,N,NW,148,1
4982,N,N,148,9
4983,N,B,148,3
4984,N,C,148,5
4985,N,E,148,2
4986,B,IB,148,1
4987,B,NW,148,2
4988,B,N,148,3
4989,B,B,148,6
4990,B,C,148,5
4991,B,E,148,6
4992,C,IB,148,3
4993,C,NW,148,8
4994,C,N,148,5
4995,C,B,148,5
4996,C,C,148,15
4997,C,E,148,6
4998,E,IB,148,1
4999,E,NW,148,3
5000,E,N,148,2
5001,E,B,148,6
5002,E,C,148,6
5003,E,E,148,7
5004,IB,IB,149,9
5005,IB,NW,149,4
5006,IB,N,149,2
5007,IB,B,149,3
5008,IB,C,149,6
5009,IB,E,149,3
5010,NW,IB,149,4
5011,NW,NW,149,10
5012,NW,N,149,7
5013,NW,B,149,6
5014,NW,C,149,10
5015,NW,E,149,7
5016,N,IB,149,2
5017,N,NW,149,7
5018,N,N,149,19
5019,N,B,149,15
5020,N,C,149,12
5021,N,E,149,10
5022,B,IB,149,3
5023,B,NW,149,6
5024,B,N,149,15
5025,B,B,149,16
5026,B,C,149,12
5027,B,E,149,11
5028,C,IB,149,6
5029,C,NW,149,10
5030,C,N,149,12
5031,C,B,149,12
5032,C,C,149,15
5033,C,E,149,12
5034,E,IB,149,3
5035,E,NW,149,7
5036,E,N,149,10
5037,E,B,149,11
5038,E,C,149,12
5039,E,E,149,12
5040,IB,IB,150,14
5041,IB,NW,150,3
5042,IB,N,150,1
5043,IB,B,150,2
5044,IB,C,150,5
5045,IB,E,150,4
5046,NW,IB,150,3
5047,NW,NW,150,8
5048,NW,N,150,4
5049,NW,B,150,3
5050,NW,C,150,6
5051,NW,E,150,4
5052,N,IB,150,1
5053,N,NW,150,4
5054,N,N,150,13
5055,N,B,150,2
5056,N,C,150,2
5057,N,E,150,3
5058,B,IB,150,2
5059,B,NW,150,3
5060,B,N,150,2
5061,B,B,150,8
5062,B,C,150,5
5063,B,E,150,5
5064,C,IB,150,5
5065,C,NW,150,6
5066,C,N,150,2
5067,C,B,150,5
5068,C,C,150,11
5069,C,E,150,8
5070,E,IB,150,4
5071,E,NW,150,4
5072,E,N,150,3
5073,E,B,150,5
5074,E,C,150,8
5075,E,E,150,12
5076,IB,IB,151,17
5077,IB,NW,151,5
5078,IB,N,151,1
5079,IB,B,151,3
5080,IB,C,151,4
5081,IB,E,151,2
5082,NW,IB,151,5
5083,NW,NW,151,9
5084,NW,N,151,0
5085,NW,B,151,0
5086,NW,C,151,4
5087,NW,E,151,1
5088,N,IB,151,1
5089,N,NW,151,0
5090,N,N,151,9
5091,N,B,151,3
5092,N,C,151,2
5093,N,E,151,0
5094,B,IB,151,3
5095,B,NW,151,0
5096,B,N,151,3
5097,B,B,151,5
5098,B,C,151,1
5099,B,E,151,1
5100,C,IB,151,4
5101,C,NW,151,4
5102,C,N,151,2
5103,C,B,151,1
5104,C,C,151,6
5105,C,E,151,1
5106,E,IB,151,2
5107,E,NW,151,1
5108,E,N,151,0
5109,E,B,151,1
5110,E,C,151,1
5111,E,E,151,4
5112,IB,IB,152,10
5113,IB,NW,152,2
5114,IB,N,152,2
5115,IB,B,152,5
5116,IB,C,152,1
5117,IB,E,152,5
5118,NW,IB,152,2
5119,NW,NW,152,8
5120,NW,N,152,2
5121,NW,B,152,2
5122,NW,C,152,3
5123,NW,E,152,4
5124,N,IB,152,2
5125,N,NW,152,2
5126,N,N,152,16
5127,N,B,152,12
5128,N,C,152,4
5129,N,E,152,4
5130,B,IB,152,5
5131,B,NW,152,2
5132,B,N,152,12
5133,B,B,152,21
5134,B,C,152,4
5135,B,E,152,13
5136,C,IB,152,1
5137,C,NW,152,3
5138,C,N,152,4
5139,C,B,152,4
5140,C,C,152,9
5141,C,E,152,8
5142,E,IB,152,5
5143,E,NW,152,4
5144,E,N,152,4
5145,E,B,152,13
5146,E,C,152,8
5147,E,E,152,14
5148,IB,IB,153,11
5149,IB,NW,153,2
5150,IB,N,153,1
5151,IB,B,153,0
5152,IB,C,153,2
5153,IB,E,153,1
5154,NW,IB,153,2
5155,NW,NW,153,8
5156,NW,N,153,3
5157,NW,B,153,1
5158,NW,C,153,3
5159,NW,E,153,4
5160,N,IB,153,1
5161,N,NW,153,3
5162,N,N,153,9
5163,N,B,153,2
5164,N,C,153,1
5165,N,E,153,3
5166,B,IB,153,0
5167,B,NW,153,1
5168,B,N,153,2
5169,B,B,153,5
5170,B,C,153,1
5171,B,E,153,5
5172,C,IB,153,2
5173,C,NW,153,3
5174,C,N,153,1
5175,C,B,153,1
5176,C,C,153,6
5177,C,E,153,5
5178,E,IB,153,1
5179,E,NW,153,4
5180,E,N,153,3
5181,E,B,153,5
5182,E,C,153,5
5183,E,E,153,8
5184,IB,IB,154,11
5185,IB,NW,154,2
5186,IB,N,154,2
5187,IB,B,154,3
5188,IB,C,154,2
5189,IB,E,154,3
5190,NW,IB,154,2
5191,NW,NW,154,11
5192,NW,N,154,4
5193,NW,B,154,3
5194,NW,C,154,3
5195,NW,E,154,5
5196,N,IB,154,2
5197,N,NW,154,4
5198,N,N,154,16
5199,N,B,154,11
5200,N,C,154,5
5201,N,E,154,6
5202,B,IB,154,3
5203,B,NW,154,3
5204,B,N,154,11
5205,B,B,154,15
5206,B,C,154,9
5207,B,E,154,9
5208,C,IB,154,2
5209,C,NW,154,3
5210,C,N,154,5
5211,C,B,154,9
5212,C,C,154,9
5213,C,E,154,8
5214,E,IB,154,3
5215,E,NW,154,5
5216,E,N,154,6
5217,E,B,154,9
5218,E,C,154,8
5219,E,E,154,9
5220,IB,IB,155,8
5221,IB,NW,155,0
5222,IB,N,155,0
5223,IB,B,155,0
5224,IB,C,155,7
5225,IB,E,155,3
5226,NW,IB,155,0
5227,NW,NW,155,6
5228,NW,N,155,0
5229,NW,B,155,2
5230,NW,C,155,3
5231,NW,E,155,3
5232,N,IB,155,0
5233,N,NW,155,0
5234,N,N,155,3
5235,N,B,155,2
5236,N,C,155,1
5237,N,E,155,2
5238,B,IB,155,0
5239,B,NW,155,2
5240,B,N,155,2
5241,B,B,155,8
5242,B,C,155,4
5243,B,E,155,5
5244,C,IB,155,7
5245,C,NW,155,3
5246,C,N,155,1
5247,C,B,155,4
5248,C,C,155,12
5249,C,E,155,7
5250,E,IB,155,3
5251,E,NW,155,3
5252,E,N,155,2
5253,E,B,155,5
5254,E,C,155,7
5255,E,E,155,10
5256,IB,IB,156,11
5257,IB,NW,156,2
5258,IB,N,156,2
5259,IB,B,156,3
5260,IB,C,156,6
5261,IB,E,156,3
5262,NW,IB,156,2
5263,NW,NW,156,8
5264,NW,N,156,1
5265,NW,B,156,0
5266,NW,C,156,2
5267,NW,E,156,2
5268,N,IB,156,2
5269,N,NW,156,1
5270,N,N,156,4
5271,N,B,156,4
5272,N,C,156,0
5273,N,E,156,1
5274,B,IB,156,3
5275,B,NW,156,0
5276,B,N,156,4
5277,B,B,156,12
5278,B,C,156,3
5279,B,E,156,4
5280,C,IB,156,6
5281,C,NW,156,2
5282,C,N,156,0
5283,C,B,156,3
5284,C,C,156,8
5285,C,E,156,4
5286,E,IB,156,3
5287,E,NW,156,2
5288,E,N,156,1
5289,E,B,156,4
5290,E,C,156,4
5291,E,E,156,9
5292,IB,IB,157,12
5293,IB,NW,157,3
5294,IB,N,157,1
5295,IB,B,157,3
5296,IB,C,157,5
5297,IB,E,157,5
5298,NW,IB,157,3
5299,NW,NW,157,12
5300,NW,N,157,2
5301,NW,B,157,5
5302,NW,C,157,8
5303,NW,E,157,6
5304,N,IB,157,1
5305,N,NW,157,2
5306,N,N,157,8
5307,N,B,157,2
5308,N,C,157,2
5309,N,E,157,2
5310,B,IB,157,3
5311,B,NW,157,5
5312,B,N,157,2
5313,B,B,157,9
5314,B,C,157,8
5315,B,E,157,7
5316,C,IB,157,5
5317,C,NW,157,8
5318,C,N,157,2
5319,C,B,157,8
5320,C,C,157,15
5321,C,E,157,8
5322,E,IB,157,5
5323,E,NW,157,6
5324,E,N,157,2
5325,E,B,157,7
5326,E,C,157,8
5327,E,E,157,10
5328,IB,IB,158,7
5329,IB,NW,158,0
5330,IB,N,158,0
5331,IB,B,158,0
5332,IB,C,158,2
5333,IB,E,158,0
5334,NW,IB,158,0
5335,NW,NW,158,11
5336,NW,N,158,6
5337,NW,B,158,4
5338,NW,C,158,7
5339,NW,E,158,5
5340,N,IB,158,0
5341,N,NW,158,6
5342,N,N,158,20
5343,N,B,158,6
5344,N,C,158,5
5345,N,E,158,7
5346,B,IB,158,0
5347,B,NW,158,4
5348,B,N,158,6
5349,B,B,158,9
5350,B,C,158,4
5351,B,E,158,8
5352,C,IB,158,2
5353,C,NW,158,7
5354,C,N,158,5
5355,C,B,158,4
5356,C,C,158,10
5357,C,E,158,7
5358,E,IB,158,0
5359,E,NW,158,5
5360,E,N,158,7
5361,E,B,158,8
5362,E,C,158,7
5363,E,E,158,10
5364,IB,IB,159,7
5365,IB,NW,159,0
5366,IB,N,159,2
5367,IB,B,159,2
5368,IB,C,159,4
5369,IB,E,159,2
5370,NW,IB,159,0
5371,NW,NW,159,7
5372,NW,N,159,0
5373,NW,B,159,0
5374,NW,C,159,2
5375,NW,E,159,1
5376,N,IB,159,2
5377,N,NW,159,0
5378,N,N,159,12
5379,N,B,159,6
5380,N,C,159,1
5381,N,E,159,4
5382,B,IB,159,2
5383,B,NW,159,0
5384,B,N,159,6
5385,B,B,159,8
5386,B,C,159,2
5387,B,E,159,6
5388,C,IB,159,4
5389,C,NW,159,2
5390,C,N,159,1
5391,C,B,159,2
5392,C,C,159,8
5393,C,E,159,5
5394,E,IB,159,2
5395,E,NW,159,1
5396,E,N,159,4
5397,E,B,159,6
5398,E,C,159,5
5399,E,E,159,10
5400,IB,IB,160,12
5401,IB,NW,160,2
5402,IB,N,160,5
5403,IB,B,160,5
5404,IB,C,160,4
5405,IB,E,160,5
5406,NW,IB,160,2
5407,NW,NW,160,8
5408,NW,N,160,3
5409,NW,B,160,1
5410,NW,C,160,4
5411,NW,E,160,2
5412,N,IB,160,5
5413,N,NW,160,3
5414,N,N,160,15
5415,N,B,160,8
5416,N,C,160,9
5417,N,E,160,8
5418,B,IB,160,5
5419,B,NW,160,1
5420,B,N,160,8
5421,B,B,160,8
5422,B,C,160,6
5423,B,E,160,8
5424,C,IB,160,4
5425,C,NW,160,4
5426,C,N,160,9
5427,C,B,160,6
5428,C,C,160,11
5429,C,E,160,7
5430,E,IB,160,5
5431,E,NW,160,2
5432,E,N,160,8
5433,E,B,160,8
5434,E,C,160,7
5435,E,E,160,9
5436,IB,IB,161,9
5437,IB,NW,161,1
5438,IB,N,161,0
5439,IB,B,161,1
5440,IB,C,161,2
5441,IB,E,161,2
5442,NW,IB,161,1
5443,NW,NW,161,9
5444,NW,N,161,0
5445,NW,B,161,0
5446,NW,C,161,4
5447,NW,E,161,2
5448,N,IB,161,0
5449,N,NW,161,0
5450,N,N,161,8
5451,N,B,161,3
5452,N,C,161,3
5453,N,E,161,4
5454,B,IB,161,1
5455,B,NW,161,0
5456,B,N,161,3
5457,B,B,161,6
5458,B,C,161,2
5459,B,E,161,8
5460,C,IB,161,2
5461,C,NW,161,4
5462,C,N,161,3
5463,C,B,161,2
5464,C,C,161,11
5465,C,E,161,7
5466,E,IB,161,2
5467,E,NW,161,2
5468,E,N,161,4
5469,E,B,161,8
5470,E,C,161,7
5471,E,E,161,9
5472,IB,IB,162,13
5473,IB,NW,162,3
5474,IB,N,162,1
5475,IB,B,162,1
5476,IB,C,162,3
5477,IB,E,162,3
5478,NW,IB,162,3
5479,NW,NW,162,9
5480,NW,N,162,3
5481,NW,B,162,1
5482,NW,C,162,5
5483,NW,E,162,2
5484,N,IB,162,1
5485,N,NW,162,3
5486,N,N,162,5
5487,N,B,162,3
5488,N,C,162,1
5489,N,E,162,6
5490,B,IB,162,1
5491,B,NW,162,1
5492,B,N,162,3
5493,B,B,162,6
5494,B,C,162,0
5495,B,E,162,6
5496,C,IB,162,3
5497,C,NW,162,5
5498,C,N,162,1
5499,C,B,162,0
5500,C,C,162,8
5501,C,E,162,5
5502,E,IB,162,3
5503,E,NW,162,2
5504,E,N,162,6
5505,E,B,162,6
5506,E,C,162,5
5507,E,E,162,10
5508,IB,IB,163,9
5509,IB,NW,163,1
5510,IB,N,163,0
5511,IB,B,163,1
5512,IB,C,163,3
5513,IB,E,163,2
5514,NW,IB,163,1
5515,NW,NW,163,8
5516,NW,N,163,2
5517,NW,B,163,1
5518,NW,C,163,2
5519,NW,E,163,2
5520,N,IB,163,0
5521,N,NW,163,2
5522,N,N,163,7
5523,N,B,163,3
5524,N,C,163,0
5525,N,E,163,1
5526,B,IB,163,1
5527,B,NW,163,1
5528,B,N,163,3
5529,B,B,163,7
5530,B,C,163,1
5531,B,E,163,3
5532,C,IB,163,3
5533,C,NW,163,2
5534,C,N,163,0
5535,C,B,163,1
5536,C,C,163,7
5537,C,E,163,6
5538,E,IB,163,2
5539,E,NW,163,2
5540,E,N,163,1
5541,E,B,163,3
5542,E,C,163,6
5543,E,E,163,9
5544,IB,IB,164,4
5545,IB,NW,164,0
5546,IB,N,164,0
5547,IB,B,164,1
5548,IB,C,164,0
5549,IB,E,164,0
5550,NW,IB,164,0
5551,NW,NW,164,6
5552,NW,N,164,1
5553,NW,B,164,1
5554,NW,C,164,0
5555,NW,E,164,1
5556,N,IB,164,0
5557,N,NW,164,1
5558,N,N,164,4
5559,N,B,164,1
5560,N,C,164,1
5561,N,E,164,0
5562,B,IB,164,1
5563,B,NW,164,1
5564,B,N,164,1
5565,B,B,164,4
5566,B,C,164,0
5567,B,E,164,2
5568,C,IB,164,0
5569,C,NW,164,0
5570,C,N,164,1
5571,C,B,164,0
5572,C,C,164,3
5573,C,E,164,0
5574,E,IB,164,0
5575,E,NW,164,1
5576,E,N,164,0
5577,E,B,164,2
5578,E,C,164,0
5579,E,E,164,2
5580,IB,IB,165,6
5581,IB,NW,165,0
5582,IB,N,165,0
5583,IB,B,165,0
5584,IB,C,165,1
5585,IB,E,165,0
5586,NW,IB,165,0
5587,NW,NW,165,4
5588,NW,N,165,0
5589,NW,B,165,1
5590,NW,C,165,3
5591,NW,E,165,2
5592,N,IB,165,0
5593,N,NW,165,0
5594,N,N,165,8
5595,N,B,165,3
5596,N,C,165,0
5597,N,E,165,0
5598,B,IB,165,0
5599,B,NW,165,1
5600,B,N,165,3
5601,B,B,165,5
5602,B,C,165,1
5603,B,E,165,2
5604,C,IB,165,1
5605,C,NW,165,3
5606,C,N,165,0
5607,C,B,165,1
5608,C,C,165,4
5609,C,E,165,2
5610,E,IB,165,0
5611,E,NW,165,2
5612,E,N,165,0
5613,E,B,165,2
5614,E,C,165,2
5615,E,E,165,4
5616,IB,IB,166,6
5617,IB,NW,166,2
5618,IB,N,166,0
5619,IB,B,166,0
5620,IB,C,166,2
5621,IB,E,166,2
5622,NW,IB,166,2
5623,NW,NW,166,9
5624,NW,N,166,2
5625,NW,B,166,2
5626,NW,C,166,4
5627,NW,E,166,5
5628,N,IB,166,0
5629,N,NW,166,2
5630,N,N,166,8
5631,N,B,166,6
5632,N,C,166,2
5633,N,E,166,4
5634,B,IB,166,0
5635,B,NW,166,2
5636,B,N,166,6
5637,B,B,166,8
5638,B,C,166,2
5639,B,E,166,5
5640,C,IB,166,2
5641,C,NW,166,4
5642,C,N,166,2
5643,C,B,166,2
5644,C,C,166,6
5645,C,E,166,5
5646,E,IB,166,2
5647,E,NW,166,5
5648,E,N,166,4
5649,E,B,166,5
5650,E,C,166,5
5651,E,E,166,7
5652,IB,IB,167,14
5653,IB,NW,167,2
5654,IB,N,167,1
5655,IB,B,167,6
5656,IB,C,167,6
5657,IB,E,167,4
5658,NW,IB,167,2
5659,NW,NW,167,6
5660,NW,N,167,0
5661,NW,B,167,2
5662,NW,C,167,3
5663,NW,E,167,2
5664,N,IB,167,1
5665,N,NW,167,0
5666,N,N,167,12
5667,N,B,167,8
5668,N,C,167,2
5669,N,E,167,3
5670,B,IB,167,6
5671,B,NW,167,2
5672,B,N,167,8
5673,B,B,167,15
5674,B,C,167,7
5675,B,E,167,7
5676,C,IB,167,6
5677,C,NW,167,3
5678,C,N,167,2
5679,C,B,167,7
5680,C,C,167,8
5681,C,E,167,6
5682,E,IB,167,4
5683,E,NW,167,2
5684,E,N,167,3
5685,E,B,167,7
5686,E,C,167,6
5687,E,E,167,7
5688,IB,IB,168,9
5689,IB,NW,168,2
5690,IB,N,168,1
5691,IB,B,168,2
5692,IB,C,168,1
5693,IB,E,168,2
5694,NW,IB,168,2
5695,NW,NW,168,9
5696,NW,N,168,2
5697,NW,B,168,1
5698,NW,C,168,5
5699,NW,E,168,3
5700,N,IB,168,1
5701,N,NW,168,2
5702,N,N,168,14
5703,N,B,168,5
5704,N,C,168,0
5705,N,E,168,3
5706,B,IB,168,2
5707,B,NW,168,1
5708,B,N,168,5
5709,B,B,168,9
5710,B,C,168,0
5711,B,E,168,3
5712,C,IB,168,1
5713,C,NW,168,5
5714,C,N,168,0
5715,C,B,168,0
5716,C,C,168,6
5717,C,E,168,2
5718,E,IB,168,2
5719,E,NW,168,3
5720,E,N,168,3
5721,E,B,168,3
5722,E,C,168,2
5723,E,E,168,7
5724,IB,IB,169,6
5725,IB,NW,169,0
5726,IB,N,169,0
5727,IB,B,169,0
5728,IB,C,169,0
5729,IB,E,169,0
5730,NW,IB,169,0
5731,NW,NW,169,10
5732,NW,N,169,0
5733,NW,B,169,0
5734,NW,C,169,1
5735,NW,E,169,1
5736,N,IB,169,0
5737,N,NW,169,0
5738,N,N,169,4
5739,N,B,169,4
5740,N,C,169,0
5741,N,E,169,2
5742,B,IB,169,0
5743,B,NW,169,0
5744,B,N,169,4
5745,B,B,169,10
5746,B,C,169,1
5747,B,E,169,4
5748,C,IB,169,0
5749,C,NW,169,1
5750,C,N,169,0
5751,C,B,169,1
5752,C,C,169,2
5753,C,E,169,1
5754,E,IB,169,0
5755,E,NW,169,1
5756,E,N,169,2
5757,E,B,169,4
5758,E,C,169,1
5759,E,E,169,5
